qid,abstractqueryexpansion,abstractqueryexpansion.qld.recip_rank,qid.1,backtranslation_yue_hant,backtranslation_yue_hant.qld.recip_rank,qid.2,backtranslation_kor_hang,backtranslation_kor_hang.qld.recip_rank,qid.3,backtranslation_arb_arab,backtranslation_arb_arab.qld.recip_rank,qid.4,backtranslation_pes_arab,backtranslation_pes_arab.qld.recip_rank,qid.5,backtranslation_fra_latn,backtranslation_fra_latn.qld.recip_rank,qid.6,backtranslation_deu_latn,backtranslation_deu_latn.qld.recip_rank,qid.7,backtranslation_rus_cyrl,backtranslation_rus_cyrl.qld.recip_rank,qid.8,backtranslation_zsm_latn,backtranslation_zsm_latn.qld.recip_rank,qid.9,backtranslation_tam_taml,backtranslation_tam_taml.qld.recip_rank,qid.10,backtranslation_swh_latn,backtranslation_swh_latn.qld.recip_rank
1,obama family tree,0.0081,1,The Obama family tree ,0.0081,1,The Obama family tree ,0.0081,1,The Obama family tree  ,0.0081,1,The Obama family tree ,0.0081,1,Obama family tree,0.0081,1,Obama family tree,0.0081,1,The tree of joy,0.0,1,Obama family tree,0.0081,1,Obama s family tree,0.0087,1,Obama family tree,0.0081
2,french lick resort and casino,1.0,2,French wine and gambling ,0.0031,2,French Ricoh Resorts and Casinos,1.0,2,French Lake Resort and Casino ,0.5,2,French Resorts and Casinos,1.0,2,French Lick Resort and Casino,1.0,2,French Lick Resort and Casino,1.0,2,French resort and casino,1.0,2,French Lick Resort and Casino,1.0,2,French League Resort and Casino,1.0,2,French lick resort and casino,1.0
3,getting organized,1.0,3,Organize yourself ,0.1,3,It s organizing ,0.0013,3,The organization  ,0.0073,3,They re organized ,0.0015,3,get settled,0.0,3,organising themselves,0.0,3,organizing,0.0073,3,organized,0.0073,3,organizing,0.0073,3,Organized,0.0073
4,toilet,0.125,4,The toilet ,0.125,4,The bathroom ,0.0,4,The toilet  ,0.125,4,The toilet ,0.125,4,toilet,0.125,4,Toilet,0.125,4,The toilet,0.125,4,toilet,0.125,4,toilet,0.125,4,toilets,0.125
5,mitchell college,0.0769,5,Mitchell College is a great place to go ,0.0769,5,Mitchell College,0.0769,5,Mitchell College  ,0.0769,5,Mitchell College ,0.0769,5,Mitchell college,0.0769,5,Mitchell College,0.0769,5,Mitchell College,0.0769,5,Mitchell College,0.0769,5,Michael College,0.0,5,Mitchell college,0.0769
6,kcs,0.0032,6,It s not ,0.0,6,Kcs,0.0032,6,The equipment  ,0.0,6,The computer ,0.0,6,the cts,0.0,6,CCS,0.0,6,The KC,0.0032,6,Kcs,0.0032,6,Kilometers,0.0,6,the kcs,0.0032
7,air travel information,1.0,7,Air travel information,1.0,7,Air travel information,1.0,7,Air travel information,1.0,7,Air travel information,1.0,7,Information on air travel,1.0,7,Air travel information,1.0,7,Information about air travel,1.0,7,Air travel information,1.0,7,Air travel information,1.0,7,Air travel news,1.0
8,appraisals,0.0149,8,The evaluation ,0.0,8,The evaluation,0.0,8,The ratings,0.0,8,The evaluations,0.0,8,the evaluations,0.0,8,The following are the results of the evaluations ,0.0,8,The ratings,0.0,8,The assessment,0.0,8,Assessments,0.0,8,Evaluate the situation,0.0
9,used car parts,1.0,9,It s a car part ,0.5,9,Used car parts,1.0,9,Used car parts,1.0,9,Used car parts ,1.0,9,Used car parts,1.0,9,Parts of used vehicles,0.1111,9,parts for cars,0.5,9,Used car parts,1.0,9,Used vehicle parts,0.1111,9,used car parts,1.0
10,cheap internet,0.25,10,Cheap Internet ,0.25,10,Cheap Internet,0.25,10,The internet is cheap ,0.25,10,The Internet is cheap ,0.25,10,Cheap Internet,0.25,10,Cheap Internet,0.25,10,cheap internet,0.25,10,Cheap internet,0.25,10,Cheap Internet,0.25,10,cheap internet,0.25
11,gmat prep classes,0.5,11,Primary school ,0.0,11,Gmat prep class,0.5,11,Teacher preparation classes,0.0,11,Preparatory classes,0.0,11,Preparatory school,0.0,11,Preparation hours for the Gmat study,0.3333,11,Classes on preparation for gymnasium,0.0,11,Gmat preparation class,1.0,11,Comat preparation classes,0.0,11,the preparation class for gmat,1.0
12,djs,0.25,12,Other things ,0.0,12,I m not sure ,0.0,12,The DGS  ,0.0,12,J J ,0.0,12,Other,0.0,12,DJs,0.25,12,  What  ,0.0,12,The Djs,0.25,12,JS,0.0,12,The D J S ,0.0
13,map,0.5,13,The picture ,0.0,13,Map of the world,0.0,13,A map  ,0.5,13,The plan ,0.0,13,map,0.5,13,Map,0.5,13,Map of the city,0.0133,13,Map,0.5,13,map,0.5,13,Map of the area,0.0114
14,dinosaurs,0.0303,14,The dinosaurs ,0.0303,14,The dinosaurs ,0.0303,14,The dinosaurs  ,0.0303,14,The dinosaurs ,0.0303,14,the dinosaurs,0.0303,14,Other animals,0.0,14,The dinosaurs,0.0303,14,The dinosaurs,0.0303,14,The Dinosaurs,0.0303,14,dinosaurs,0.0303
15,espn sports,0.25,15,Exercise,0.0,15,Sports,0.0,15,Sports  ,0.0,15,Sports,0.0,15,sports,0.0,15,Sports,0.0,15,sports,0.0,15,sports,0.0,15,games,0.0,15,sports spn,0.0
16,arizona game and fish,1.0,16,Arizona wildlife and fish ,0.5,16,Arizona  wildlife and fish ,0.5,16,Arizona fishing and boating  ,0.3333,16,And the Arizona fish ,0.5,16,Arizona hunting and fishing,0.5,16,Arizona Wild and Fish,0.3333,16,Fish and wild fish Arizona,0.1429,16,Arizona game and fish,1.0,16,Arizona hunting and fishing,0.5,16,Arizona game and fish,1.0
17,poker tournaments,0.1429,17,The poker tournament ,0.1429,17,The poker tournament ,0.1429,17,The poker tournaments  ,0.1429,17,Poker tournaments,0.1429,17,poker tournaments,0.1429,17,Poker tournaments,0.1429,17,poker tournaments,0.1429,17,poker tournaments,0.1429,17,Poker tournaments,0.1429,17,poker tournaments,0.1429
18,wedding budget calculator,1.0,18,A wedding budget calculator ,1.0,18,The wedding budget calculator,1.0,18,Accounting for the wedding budget,1.0,18,The wedding car budget account ,0.0769,18,wedding budget calculator,1.0,18,Wedding budget calculator,1.0,18,The wedding budget calculator,1.0,18,marriage estimate calculator,0.0,18,Marriage Budget Survey,0.0,18,budget calculator for a wedding,1.0
19,the current,0.0,19,The flow ,0.0,19,The current ,0.0,19,The current  ,0.0,19,The flow ,0.0,19,the current,0.0,19,The electricity,0.0,19,the current,0.0,19,Current,0.0,19,current,0.0,19,now,0.0
20,defender,0.0,20,The defender ,0.0,20,The guard ,0.0,20,The guns  ,0.0,20,Defence,0.0,20,defendant,0.0,20,Defender,0.0,20,The defendant,0.0,20,Defence,0.0,20,The guardian,0.0,20,a guard,0.0
21,volvo,0.25,21,Volvo is a car ,0.0714,21,Let s see ,0.0,21,  What  ,0.0,21,The Volvo ,0.25,21,back to,0.0,21,The Commission shall adopt implementing acts in accordance with Article    of this Regulation ,0.0,21,Volvo is,0.25,21,Volvo,0.25,21,The Volvo,0.25,21,volvo,0.25
22,rick warren,1.0,22,Rick Warren is the author of,1.0,22,Rick Warren  you know what ,1.0,22,Rick Warren  ,1.0,22,Rick Warren ,1.0,22,Rick Warren,1.0,22,Rick warren,1.0,22,Rick Warren,1.0,22,Rick Warren is,1.0,22,Rick Warren,1.0,22,Rick Warren,1.0
23,yahoo,0.0073,23,The galaxy ,0.0,23,You know  Yahoo ,0.0909,23,Oh   yeah  ,0.0,23,You know  yahoo ,0.0909,23,the yahoo,0.0073,23,Yahoo,0.0073,23,Oh   my God  ,0.0,23,Yahoo ,0.0073,23,Yago,0.0,23,the yahoo,0.0073
24,diversity,0.1667,24,Diversity is a big thing ,0.0526,24,Diversity,0.1667,24,The diversity  ,0.1667,24,Diversity,0.1667,24,diversity,0.1667,24,The diversity,0.1667,24,The diversity,0.1667,24,Diversity,0.1667,24,diversity,0.1667,24,difference,0.0
25,euclid,0.3333,25,My son ,0.0,25,Euclid ,0.3333,25,The Oakleads  ,0.0,25,I m going to take a look ,0.0,25,The mill,0.0,25,The following is a list of the countries of the European Union ,0.0,25,Euclid,0.3333,25,Euclid,0.3333,25,Eclipse,0.0,25,Euclid,0.3333
26,lower heart rate,0.3333,26,It s a heartbeat ,0.0,26,And the heart rate is lower ,0.3333,26,Lower heart rate  ,0.3333,26,Lower heart rate ,0.3333,26,lower heart rate,0.3333,26,lower heart rate,0.3333,26,decreased heart rate,0.3333,26,lower heart rate,0.3333,26,Heart rate decreases,0.3333,26,low heart rate,1.0
27,starbucks,0.0556,27,This is Starbucks ,0.0556,27,I m not going to stop ,0.0,27,I  m not  ,0.0,27,I m going to start ,0.0,27,the stars,0.0,27,Other articles of heading No ,0.0,27,The Sturbrooks,,27,Starbucks is a great place to start ,0.2,27,The Starbucks,0.0556,27,Starbucks,0.0556
28,inuyasha,0.3333,28,Inouasha ,,28,I m not going to lie ,0.0,28,Inuyasha  ,0.3333,28,Inuyasha ,0.3333,28,at the same time,0.0,28,inuyasha,0.3333,28,Inuyasha,0.3333,28,Inuyasha,0.3333,28,Inuyasha,0.3333,28,in the fire,0.0
29,ps 2 games,0.1429,29,PS   game ,0.25,29,PS  game,0.25,29,PS   games,0.25,29,PS  game,0.25,29,PS   games,0.25,29,PS   Games,0.25,29,PS  of the game,0.25,29,PS  game,0.25,29,ps   games,0.25,29,PS   games,0.25
30,diabetes education,0.25,30,Diabetes education,0.25,30,Education for Diabetes,0.25,30,Diabetes education,0.25,30,Diabetes education,0.25,30,education in diabetes,0.25,30,Education in the field of diabetes,0.2,30,education in the field of diabetes,0.2,30,education diabetes,0.25,30,education in diabetes,0.25,30,education of diabetes,0.25
31,atari,1.0,31,Itari ,0.0,31,Atari  please ,0.25,31,I  m not going to  ,0.0,31,You re not ,0.0,31,the flow rate,0.0,31,  not,,31,The atrium,0.0,31,The atrium,0.0,31,the atrium,0.0,31,the heather,0.0
32,website design hosting,0.5,32,Design  hosting  and hosting ,0.0526,32,Web design hosting,0.125,32,Hosted site design,0.25,32,Web design,0.0312,32,web design hosting,0.125,32,Web design hosting,0.125,32,Web hosting,0.0063,32,hosting website design,0.5,32,Web design hosting,0.125,32,Web design hosting,0.125
33,elliptical trainer,0.25,33,Formally trained cars ,0.0,33,The elevator trainer ,0.0161,33,The abdominal trainer  ,1.0,33,Coach of the Jacuzzi ,0.0,33,Other,0.0,33,Other  of a kind used for the manufacture of electrical equipment,0.0,33,The elliptical coach,0.0556,33,elliptical trainer,0.25,33,Elevator training,0.0,33,elliptical trainer,0.25
34,cell phones,0.0909,34,The phone ,0.0161,34,I m going to call you ,0.0,34,Cell phones  ,0.0909,34,The cell phone ,0.0909,34,mobile phones,0.004,34,Other mobile phones,0.0079,34,The mobile phones,0.004,34,cell phone,0.0909,34,cell phone,0.0909,34,mobile phones,0.004
35,hoboken,0.3333,35,It s not ,0.0,35,I m not sure ,0.0,35,The loaded one  ,0.0,35,The Hoboken ,0.3333,35,waste,0.0,35,Keyword,0.0,35,Overtime,0.0,35,Sweating,0.0,35,The man was paralyzed ,0.0,35,dreaming,0.0
36,gps,0.1429,36,GPS is the key ,0.0082,36,GPS is the best ,1.0,36,The information detectors,0.0,36,The GPS ,0.1429,36,GPS,0.1429,36,GPS,0.1429,36,GPS is,0.1429,36,GPS is on ,0.1429,36,GPS,0.1429,36,GPS,0.1429
37,pampered chef,0.1111,37,The teacher of eating ,0.0,37,A cook ,0.0,37,A cooking obsessed  ,0.0,37,She s a great cook ,0.0,37,lazy cook,0.0,37,Nice cook,0.0,37,The lost chef ,0.0,37,The Chef is taken care of,0.0041,37,The cook is a delightful cook ,0.0,37,A lovely chef,0.0
38,dogs for adoption,0.125,38,Keeping dogs ,0.0122,38,Adopted dog ,0.125,38,Dogs that were adopted ,0.1111,38,Dogs for the pot ,0.0,38,dogs to adopt,0.125,38,Dogs for adoption,0.125,38,Dogs for adoption,0.125,38,to adopt a dog,0.125,38,Dogs to Be Raised,0.0023,38,a breeding dog,0.0
39,disneyland hotel,0.3333,39,The Disneyland Hotel ,0.3333,39,The Disneyland Hotel ,0.3333,39,The Disneyland Hotel  ,0.3333,39,The Disneyland Hotel ,0.3333,39,Disneyland hotel,0.3333,39,The Disneyland Hotel,0.3333,39,The Disneyland Hotel,0.3333,39,Disneyland hotel,0.3333,39,The Disneyland Hotel,0.3333,39,Disneyland hotel,0.3333
40,michworks,0.5,40,The factory ,0.0,40,Michino ,0.0,40,Projects,0.0,40,You do the work ,0.0,40,Manufacturing works,0.0,40,I work,0.0,40,Michelle  ,0.0,40,Work,0.0,40,Mycware,,40,michworks,0.5
41,orange county convention center,1.0,41,The State Convention Center ,0.037,41,The Orange County Convention Center,1.0,41,The convention center in Orange County,1.0,41,Orange County Convention Center,1.0,41,Orange County Convention Center,1.0,41,Orange County Convention Center,1.0,41,Orange County convention center,1.0,41,Orange district convention center,0.2,41,Orange District Convention Center,0.2,41,Orange County convention center,1.0
42,the music man,0.0035,42,Musicians ,0.0,42,I m a musician ,0.0,42,The music man ,0.0035,42,The music man ,0.0035,42,The man of music,0.0035,42,The musician,0.0,42,A musician,0.0,42,The music guy,0.0,42,Music man,0.0035,42,Music man,0.0035
43,the secret garden,0.25,43,The secret garden ,0.25,43,The secret garden ,0.25,43,The secret garden  ,0.25,43,The Secret Garden,0.25,43,The Secret Garden,0.25,43,The Secret Garden,0.25,43,The Secret Garden,0.25,43,Secret garden,0.25,43,The Secret Garden,0.25,43,a secret garden,0.25
44,map of the united states,0.3333,44,Map of the United States,0.3333,44,Map of the United States,0.3333,44,Map of the United States,0.3333,44,The United States map,0.3333,44,map of the United States,0.3333,44,Map of the United States,0.3333,44,Map of the United States,0.3333,44,map of the United States,0.3333,44,Map of the United States,0.3333,44,map of the United States,0.3333
45,solar panels,0.3333,45,Solar panels ,0.3333,45,Solar panel,0.3333,45,The solar panels  ,0.3333,45,Solar panels,0.3333,45,solar panels,0.3333,45,Solar cells,0.0263,45,The solar panels,0.3333,45,Solar panel,0.3333,45,Solar powered boxes,0.0625,45,Sunspots,0.0
46,alexian brothers hospital,0.3333,46,The Alexian Brothers Hospital ,0.3333,46,The Alexian Brothers Hospital ,0.3333,46,The Alexian Brothers Hospital  ,0.3333,46,The hospital of the Alexins ,0.0,46,The Alexia Brothers Hospital,0.0,46,The Alexian Brothers Hospital,0.3333,46,The Alexian Brothers Hospital,0.3333,46,hospital of the alexian brothers,0.3333,46,The hospital of the Brotherhood of Alexians,0.2,46,Brother Alexia s hospital,0.0
47,indexed annuity,0.2,47,The indexed annuity,0.2,47,The yearly index,0.0084,47,The revised annual,0.0,47,Indicated annually,0.0,47,indexed annuity,0.2,47,Indexed annuity,0.2,47,indexed annuity rate,0.2,47,annuity index,0.2,47,Indicative year,0.0,47,annuity indexed,0.2
48,wilson antenna,0.3333,48,Wilson TV ,0.0019,48,The Wilson antenna ,0.3333,48,I  m a fan of Wilson  ,0.0,48,It s not like that ,0.0,48,Wilson s antenna,0.3333,48,Antenna by Wilson,0.3333,48,The Wilson antenna,0.3333,48,Wilson antenna is,0.3333,48,Wilson radio,1.0,48,Wilson antenna,0.3333
49,flame designs,0.1111,49,Design for burning ,0.0,49,Fire design,0.0,49,Fire designs  ,0.0,49,Fire designs ,0.0,49,patterns of flames,0.0069,49,Flame designs,0.1111,49,flame fuelled structures,0.0,49,Fire design,0.0,49,How to Design Fire,0.0,49,fire structures,0.0
50,dog heat,0.1,50,It s hot ,0.0,50,Ten dogs ,0.0046,50,The dog heat  ,0.1,50,Hot dog ,0.0023,50,the dog s heat,0.0833,50,Hot dogs,0.0023,50,The dog  s warmth,0.0064,50,Hot dogs,0.0023,50,Dog Heat,0.1,50,hot dog,0.0023
51,horse hooves,1.0,51,The horse ,0.0039,51,The horse s tail ,0.1,51,The horse s heels ,1.0,51,Horse shoes ,0.0909,51,horse knives,0.0031,51,Horse hoods,0.0,51,The final cops,0.0,51,The horse s heel,1.0,51,The horse and the horse,0.0039,51,horse shoes,0.0909
52,avp,0.1667,52,Other things ,0.0,52,Abby  please ,0.0,52,A B ,0.0,52,  Yes  I did ,0.0,52,The,,52,The,,52,The APP,0.0,52,conveying,0.0,52,Abbey,0.0,52,of,
53,discovery channel store,0.3333,53,I found the Channel Store ,0.0833,53,Search channel store,0.0714,53,The Discovery Channel shop  ,0.0526,53,The Discovery Channel store ,0.3333,53,channel store,0.2,53,I m not sure if this is true ,0.0,53,opening channel shop,0.0011,53,channel discovery shop,0.0526,53,Detection channel shop,0.0,53,storage of the discovery center,0.0
54,president of the united states,0.0714,54,The President of the United States ,0.0714,54,The President of the United States ,0.0714,54,President of the United States  ,0.0714,54,The President of the United States,0.0714,54,President of the United States,0.0714,54,President of the United States,0.0714,54,The President of the United States,0.0714,54,President of the United States,0.0714,54,President of the United States,0.0714,54,President of the United States,0.0714
55,iron,0.0263,55,Iron ,0.0263,55,Iron ,0.0263,55,The iron  ,0.0263,55,Iron ,0.0263,55,iron,0.0263,55,Iron,0.0263,55,iron,0.0263,55,Iron,0.0263,55,iron,0.0263,55,iron,0.0263
56,uss yorktown charleston sc,0.0141,56,I m from Charleston  Yonkers  USA ,0.0,56,Yorktown Charleston  SC  USA,0.0023,56,We are in Yorktown Charleston  SC ,0.003,56,We are Yorktown ,0.05,56,We are in Yorktown Charleston SC,0.003,56,We  re in Yorktown Charleston   SC  ,0.0039,56,We  re in Yorktown   Charleston   SC  ,0.0039,56,USs Yorktown Charleston SC,0.0141,56,The United States is a member of the Charleston S C ,0.0,56,The United States Yorktown Charleston SC,0.0055
57,ct jobs,1.0,57,work ,0.0,57,I m on the job ,0.0,57,Jobs,0.0034,57,Jobs,0.0034,57,Employment,0.0,57,Employment,0.0,57,IT work,0.0,57,The job,0.0034,57,jobs,0.0034,57,work,0.0
58,penguins,0.2,58,Stand up and be counted ,0.0,58,Penguins ,0.2,58,The penguin  ,0.2,58,Penguins ,0.2,58,Penguins,0.2,58,Penguins,0.2,58,The penguins,0.2,58,The penguin,0.2,58,Penguins,0.2,58,Penguins,0.2
59,how to build a fence,0.1,59,How to do this ,0.0,59,How to build a fence,0.1,59,How to build a fence  ,0.1,59,How to build a fence ,0.1,59,how to build a fence,0.1,59,How to Build a Fence,0.1,59,How to build a fence,0.1,59,How to build a fence,0.1,59,How to Build a Wall,0.0,59,how to build a yard,0.0192
60,bellevue,0.1,60,The beauty ,0.0,60,Bellevue ,0.1,60,Belvio  what are you doing ,0.0,60,Blue  please ,0.0,60,Bellevue,0.1,60,Bellevue,0.1,60,  I m going to the Bellevue,0.25,60,Bellevue is,0.1,60,Belvive,0.0,60,Bellevue,0.1
61,worm,0.0435,61,The worm ,0.0435,61,I m not sure ,0.0,61,The worm ,0.0435,61,The cream ,0.0,61,see it,0.0,61,Other worms,0.0294,61,The worm,0.0435,61,Worms,0.0435,61,eagle,0.0,61,a butterfly,0.0
62,texas border patrol,0.25,62,Texas border patrol ,0.25,62,Texas Border Patrol,0.25,62,Texas Border Patrol  ,0.25,62,Texas border patrol,0.25,62,Texas Border Patrol,0.25,62,Border Patrol of Texas,0.25,62,Texas Border Patrol,0.25,62,Texas Border Patrol,0.25,62,Texas Border Patrol,0.25,62,Texas border guard,0.2
63,flushing,0.0526,63,Water ,0.0,63,I m not going to be able to get out of here ,0.0,63,The magic  ,0.0,63,Washing up ,0.0,63,pollution,0.0,63,Shaking,0.0,63,washing,0.0,63,Sweating,0.0,63,washing,0.0,63,showering,0.0
64,moths,0.1667,64,Butterflies,0.0119,64,The butterfly ,0.0119,64,The surprises  ,0.0,64,The stars ,0.0,64,the flies,0.004,64,Oh   my dear  ,0.0,64,The motto,0.0,64,The legs,0.0,64,Beans,0.0,64,butterflies,0.0119
65,korean language,1.0,65,Korean ,0.0769,65,Korean,0.0769,65,Korean language,1.0,65,Korean language,1.0,65,Korean language,1.0,65,Korean language,1.0,65,Korean language,1.0,65,Korean,0.0769,65,Korean,0.0769,65,Korean,0.0769
66,income tax return online,0.0123,66,Tax returns online,0.0175,66,Reporting income tax online,0.0025,66,Tax returns on the Internet,0.0013,66,Pay back taxes on online income,0.0013,66,online income statement,0.0052,66,Income tax return online,0.0123,66,Online registration of the tax report,0.0,66,online income tax declaration,0.0018,66,Income tax return online,0.0123,66,reporting income tax online,0.0025
67,vldl levels,0.1429,67,The place ,0.0,67,Vldl level,0.1429,67,Levels,0.0022,67,Vldl level,0.1429,67,Vldl levels,0.1429,67,Vldl levels,0.1429,67,The levels,0.0022,67,Vldl level,0.1429,67,Vldl levels,0.1429,67,Vldl standards,1.0
68,pvc,0.25,68,It s not ,0.0,68,Pvc,0.25,68,The equipment  ,0.0,68,The PvC,0.25,68,Pvc,0.25,68,Manufacture from materials of heading    ,0.0,68,The PFC,0.0,68,Pvc,0.25,68,the PVC,0.25,68,the pvc,0.25
69,sewing instructions,0.25,69,Follow the instructions ,0.0,69,The line,0.0,69,Sewing instructions,0.25,69,The sewing instructions ,0.25,69,instructions for sewing,0.25,69,Nailers,0.0,69,instructions for sewing,0.25,69,sewing instructions,0.25,69,Sewing methods,0.0345,69,Instructions for sewing,0.25
70,to be or not to be that is the question,0.0,70,Whether you do it or not is the question ,0.0,70,Whether or not you should be that person is the problem ,0.0,70,To be or not to be is the question ,0.0,70,That s the question of whether or not it should be ,0.0,70,to be or not to be is the question,0.0,70,That  s the question  ,0.0,70,To be or not to be  that s the question ,0.0,70,To be or not to be that is a question,0.0,70,The question is whether or not to be ,0.0,70,To be or not to be that s a question,0.0
71,living in india,0.0081,71,They live in India ,0.0081,71,I live in India ,0.0154,71,Living in India  ,0.0081,71,Life in India,0.0021,71,reside in India,0.0,71,living in India,0.0081,71,residence in India,0.0,71,Living in India,0.0081,71,Living in India,0.0081,71,living in India,0.0081
72,the sun,0.0061,72,The sun ,0.0061,72,The sun ,0.0061,72,The sun ,0.0061,72,The sun ,0.0061,72,The Sun,0.0061,72,The Sun,0.0061,72,The sun,0.0061,72,The sun,0.0061,72,the sun,0.0061,72,the sun,0.0061
73,neil young,1.0,73,Neil is young ,1.0,73,Neil Young ,1.0,73,Neal Young  ,0.0132,73,Young Nile ,0.0,73,Neil Young,1.0,73,Neil Young,1.0,73,Neil is young ,1.0,73,Neil Young,1.0,73,Neil Young,1.0,73,Neil Young,1.0
74,kiwi,0.0103,74,Kewey ,0.0,74,You know  Kiwi ,0.0083,74,The key  ,0.0,74,What ,0.0,74,Kiwi,0.0103,74,Other,0.0,74,Kiwi  ,0.0103,74,Kiwi,0.0103,74,the key,0.0,74,kiwi,0.0103
75,tornadoes,0.0833,75,The wind ,0.0,75,It s a tornado ,0.0833,75,Hurricanes  ,0.0,75,The storm ,0.0,75,The Tornadoes,0.0833,75,The troops,0.0,75,The tornado,0.0833,75,Tornadoes,0.0833,75,storm,0.0,75,Hurricanes,0.0
76,raised gardens,0.1667,76,The garden of plants ,0.0027,76,The garden,0.0035,76,Gardens of plants   planted  ,0.0014,76,Gardens that have become gardens ,0.0033,76,and gardens of exalted heights ,0.0,76,and gardens well groomed ,0.0,76,and gardens that are cultivated ,0.0046,76,and gardens planted ,0.0027,76,Gardens that are cultivated ,0.0046,76,And gardens that are taken away ,0.0011
77,bobcat,0.1667,77,The cat ,0.0,77,I m not going to ,0.0,77,The popcorn ,0.0,77,Cow ,0.0,77,the toolbox,0.0,77,Other  of a thickness of less than    mm,0.0,77,The grandmother  ,0.0,77,isolation,0.0,77,artillery,0.0,77,male,0.0
78,dieting,0.0127,78,Food ,0.0,78,The diet ,0.0127,78,The diet  ,0.0127,78,Diet,0.0127,78,Dietetics,0.0,78,Diet,0.0127,78,Diets,0.0127,78,diet,0.0127,78,food,0.0,78,eating food,0.0
79,voyager,0.0196,79,Travelers,0.0,79,Travelers,0.0,79,The traveler  ,0.0,79,Passenger is here ,0.0,79,traveller,0.0,79,Travellers,0.0,79,The traveller,0.0,79,tourists,0.0,79,traveler,0.0,79,traveler,0.0
80,keyboard reviews,0.3333,80,Keyboard reviews,0.3333,80,Keyboard reviews,0.3333,80,Keyboard reviews,0.3333,80,Keyboard checks,0.25,80,the keypad,0.0,80,Key parts ratings,0.0,80,Keyboard reviews,0.3333,80,keyboard reviews,0.3333,80,The criticisms,0.0,80,keyboard review,0.3333
81,afghanistan,0.3333,81,Afghanistan is a country ,1.0,81,Afghanistan ,0.3333,81,Afghanistan  ,0.3333,81,Afghanistan,0.3333,81,Afghanistan,0.3333,81,The Commission,0.0,81,Afghanistan,0.3333,81,Afghanistan,0.3333,81,Afghanistan,0.3333,81,Afghanistan,0.3333
82,joints,0.0179,82,We are united ,0.0,82,The joint ,0.0179,82,The joints  ,0.0179,82,The joints ,0.0179,82,joint,0.0179,82,Other  including,0.0,82,joints,0.0179,82,joint,0.0179,82,joints,0.0179,82,the organs,0.0
83,memory,0.0,83,Memory ,0.0,83,Memory,0.0,83,The memory  ,0.0,83,The memory ,0.0,83,memory,0.0,83,Memory,0.0,83,The memory,0.0,83,The memory,0.0,83,memory,0.0,83,memory,0.0
84,continental plates,1.0,84,The mainland ,0.0,84,Continental plate,1.0,84,Continental plates,1.0,84,Continental pages,0.0057,84,continental plates,1.0,84,Continental plates,1.0,84,Continental plates,1.0,84,Continental plate,1.0,84,The plates,0.0196,84,continental plates,1.0
85,milwaukee journal sentinel,1.0,85,The Milwaukee Daily Sentinel,0.5,85,The Milwaukee Journal  the Sentinel ,1.0,85,The Milwaukee Journal is a Sentinel ,1.0,85,The Milwaukee Sentinel ,1.0,85,The Milwaukee Sentinel newspaper,0.5,85,The Milwaukee Journal Sentinel is a newspaper ,0.5,85,Milwaukee Sentinel magazine,1.0,85,The Milwaukee Journal Sentinel is the first,1.0,85,The Milwaukee Journal of the Sun,1.0,85,The Milwaukee Sentinel,1.0
86,bart sf,1.0,86,Bart S F ,0.027,86,Bart SF,1.0,86,Bart Sword  ,0.0029,86,Bart is sorry ,0.0012,86,the barf,0.0,86,Bart S F ,0.027,86,Bart SF,1.0,86,Bart is a s f ,0.027,86,Part SF,0.0,86,Bart sf,1.0
87,who invented music,0.25,87,The people who invented music ,0.25,87,The man who invented music ,0.25,87,Who invented music ,0.25,87,Who invented music ,0.25,87,who invented music,0.25,87,Who invented music,0.25,87,Who invented music ,0.25,87,Who created music,0.0135,87,The inventor of music,0.0,87,who invented music,0.25
88,forearm pain,0.0833,88,My forearm hurts ,0.0037,88,Wrist pain ,0.0161,88,Pain in the hand ,0.0088,88,Pain in the forearm ,0.0833,88,pain in the forearm,0.0833,88,Pain in the forearm,0.0833,88,pain in the forearm,0.0833,88,Lower arm pain,0.0066,88,Back pain,0.0,88,joint pain,0.0045
89,ocd,0.5,89,Other things ,0.0,89,Okay  you know what ,0.0,89,  I  m sure  ,0.0,89,Okay  what s up ,0.0,89,The,,89,OCD,0.5,89,The OCD,0.5,89,OCDs,0.5,89,The following article,0.0,89,the ocd,0.5
90,mgb,0.0625,90,It s not ,0.0,90,I m not sure ,0.0,90,The kingdom  ,0.0,90,What ,0.0,90,The Commission,0.0,90,Other,0.0,90,The M G ,0.0,90,Mgb,0.0625,90,the,,90,The Mgb,0.0625
91,er tv show,0.5,91,about TV shows ,0.0031,91,TV show,0.0036,91,A television show  ,0.0,91,The TV show ,0.0036,91,television show,0.0,91,Television series,0.0,91,The TV show,0.0036,91,television shows,0.0,91,Our TV program,0.0,91,His television show,0.0
92,the wall,0.0063,92,The wall ,0.0063,92,The wall ,0.0063,92,The wall  ,0.0063,92,The wall ,0.0063,92,The wall,0.0063,92,The wall,0.0063,92,The wall  ,0.0063,92,The wall,0.0063,92,The wall,0.0063,92,wall,0.0063
93,raffles,0.0833,93,The lottery ,0.0,93,Lottery ,0.0,93,The cranks  ,0.0,93,The draw ,0.0,93,lotteries,0.0,93,Winning,0.0,93,The lottery,0.0,93,The vote,0.0,93,Laughs,0.0,93,the ballot,0.0
94,titan,0.0164,94,I m not sure ,0.0,94,The titans ,0.0164,94,The titans  ,0.0164,94,The Titan ,0.0164,94,Titanium,0.0,94,Titanium,0.0,94,The Titan,0.0164,94,The titans,0.0164,94,the titan,0.0164,94,Titanium,0.0
95,earn money at home,,95,Make money at home ,,95,I m making money from home ,,95,Make money at home ,,95,Make money at home,,95,making money at home,,95,Making money at home,,95,Make money at home,,95,Making money at home,,95,Making money at home,,95,making money at home,
96,rice,0.125,96,A meter ,0.0,96,Rice ,0.125,96,The rice ,0.125,96,Rice ,0.125,96,rice,0.125,96,Rice,0.125,96,rice,0.125,96,Rice,0.125,96,rice,0.125,96,rice,0.125
97,south africa,0.1667,97,South Africa ,0.1667,97,South Africa,0.1667,97,South Africa  ,0.1667,97,South Africa,0.1667,97,South Africa,0.1667,97,South Africa,0.1667,97,South Africa,0.1667,97,South Africa,0.1667,97,South Africa,0.1667,97,South Africa,0.1667
98,sat,0.1111,98,Sit down ,0.0,98,I m sitting here ,0.0,98,Sit down  ,0.0,98,He s sitting down ,0.0,98,He sits down ,0.0,98,Seating,0.0,98,Sit down,0.0,98,Sit down,0.0,98,Sit down,0.0,98,Sitting down,0.0
99,satellite,0.0041,99,Satellites are,0.0041,99,Satellite,0.0041,99,The satellite  ,0.0041,99,The satellite ,0.0041,99,Satellite,0.0041,99,Satellites,0.0041,99,the satellite,0.0041,99,satellite,0.0041,99,satellite,0.0041,99,satellite,0.0041
100,rincon puerto rico,,100,Rinco  Puerto Rico,,100,Rico Puerto Rico,,100,I  m not a Puerto Rican  ,,100,The Ricken of Puerto Rico,,100,The following is a list of the official languages of the United States ,,100,The following is a list of the countries of the European Union ,,100,The Rincón of Puerto Rico,,100,the Puerto Rico,,100,Rincón Puerto Rico,,100,Rincón Puerto Rico,
101,ritz carlton lake las vegas,1.0,101,Lake Ritz Carlton in Las Vegas ,1.0,101,It s not like the cartoon s in the lake ,0.0,101,The Ritz Carlton Lake is Las Vegas ,1.0,101,Ritz Carlton at the Las Vegas Lake ,1.0,101,The Ritz Carlton Lake in Las Vegas,1.0,101,Ritz Carlton Lake in Las Vegas,1.0,101,Ritz Carlton Lake Las Vegas,1.0,101,The Ritz Carlton Lake in Las Vegas,1.0,101,The Ritz Carlton Lake Las Vegas,1.0,101,Ritz Carlton lake Las Vegas,1.0
102,fickle creek farm,0.0455,102,The farm ,0.0,102,A dynamic river farm ,0.0,102,The changing water farm ,0.0,102,Farm by the river ,0.0,102,unstable creek farm,0.0,102,unstable Creek Farm,0.0,102,The farm is unfavorable,0.0,102,unstable river farm,0.0,102,The River Farm Changed,0.0,102,a river field,0.0
103,madam cj walker,0.5,103,This is CJ Walker ,0.5,103,Mrs  CJ Walker  please ,0.25,103,Mrs  J J  Walker   please  ,0.0143,103,Mrs  J  Walker  please ,0.0059,103,Mrs  C J  Walker is here  ,0.0204,103,I  m not sure  ,0.0,103,Madam K  Walker   please  ,0.3333,103,Miss Walker is here ,0.002,103,The first is the book of Proverbs ,0.0,103,Uncle Walker,0.0012
104,indiana child support,0.1111,104,Raising children in Indonesia,0.0,104,Indiana Child Support,0.1111,104,Child support,0.0058,104,Financial aid for children,0.0,104,Indian child support,0.0029,104,Support for children,0.0026,104,Indiana child support,0.1111,104,Indian child support,0.0029,104,Indiana Child Support,0.1111,104,help for children in indiana,0.0026
105,sonoma county medical services,1.0,105,Health services in Sonoma County,1.0,105,Health services in Sonoma County,1.0,105,Medical services in Sonoma County,1.0,105,The medical services of the Sonoma Province,1.0,105,Medical services in Sonoma County,1.0,105,medical services in Sonoma County,1.0,105,medical services of Sonoma County,1.0,105,Sonoma county medical services,1.0,105,Sonoma District Medical Services,0.25,105,health care in Sonoma State,0.3333
106,universal animal cuts reviews,0.1111,106,Common animal cuts are evaluated ,0.0,106,A universal examination of animal cuts,0.0019,106,Worldwide animal cuts reviews,0.0,106,Global surveys of animal slaughter,0.0,106,the universal examinations of animal cuts,0.0019,106,Checks on animal returns,0.0,106,A review of the animal carvings,0.0,106,universal animal cutting reviews,0.1111,106,Common cuts of animals,0.0,106,reviews of common animals,0.0
107,cass county missouri,0.0435,107,Cass County  Missouri  is located in the state of Missouri ,0.0333,107,Cass County  Missouri,0.0435,107,Cass County   Missouri  ,0.0435,107,The caste of Missouri ,0.0,107,Cass County   Missouri,0.0435,107,Cass County Missouri,0.0435,107,The Missouri County Courthouse,0.0024,107,Cass County of Missouri,0.0435,107,The state of Missouri,0.0,107,Cass County Missouri,0.0435
108,ralph owen brewster,1.0,108,Ralph Owen Brewster is the first ,1.0,108,Ralph Owen Brewster ,1.0,108,Ralph Owen Bruster  ,0.0014,108,Ralph Owen Brewster ,1.0,108,Ralph Owen Brewster,1.0,108,The following is a list of the countries of the European Union ,0.0,108,Ralph Owen Brewster,1.0,108,Ralph Owen Brewster,1.0,108,The following is a list of articles related to the Bible ,0.0,108,Ralph Owen Brewster,1.0
109,mayo clinic jacksonville fl,0.0102,109,The May Clinic in Jacksonville  Florida,0.0018,109,The main clinic is in Jacksonville  FL ,0.0,109,The Mayo Clinic in Jacksonville  ,0.05,109,The Jacksonville Fluoride Mayonnaise clinic is here ,0.0025,109,The Mayo Clinic in Jacksonville,0.05,109,The Mayo Clinic in Jacksonville  Florida,0.0119,109,The Mayo Clinic in Jacksonville  Florida,0.0119,109,The Mayo Clinic in Jacksonville  FL,0.0102,109,The Mayo Clinic in Jacksonville  FL,0.0102,109,The Mayo Clinic in Jacksonville FL,0.0102
110,map of brazil,1.0,110,Map of Brazil,1.0,110,Map of Brazil,1.0,110,Map of Brazil,1.0,110,The map of Brazil,1.0,110,map of Brazil,1.0,110,Map of Brazil,1.0,110,Map of Brazil,1.0,110,map of Brazil,1.0,110,Map of Brazil,1.0,110,map of Brazil,1.0
111,lymphoma in dogs,1.0,111,Lymphoma in dogs ,1.0,111,The lymphoma of dogs,1.0,111,Lymphoma in dogs  ,1.0,111,Lymphoma in dogs ,1.0,111,lymphoma in dogs,1.0,111,Lymphoma in dogs,1.0,111,lymphoma in dogs,1.0,111,lymphoma in dogs,1.0,111,Lymphoma in dogs,1.0,111,lymphoma in dogs,1.0
112,kenmore gas water heater,0.0,112,Kenmore water heater ,0.0,112,Kenmore gas water heater ,0.0,112,The gas water temperature   Kenmore  ,0.0,112,The Kenmore gas heater ,0.0,112,Kenmore gas water heater,0.0,112,Kenmore gas water heating,0.0,112,Canmore gas water heater,0.0,112,Kenmore gas water heater,0.0,112,Kenmore gas water heater,0.0,112,Kenmore gas water heater,0.0
113,hp mini 2140,0.0345,113,Super horsepower  the mini     ,0.0,113,Small      hp,0.0,113,A little horse         ,0.0,113,The Mini      Spy ,0.0,113,Minimum number of days,0.0,113,PS Mini     ,0.0,113,Min      hp,0.0,113,The mini      hp,0.0053,113,Mini      hp,0.0053,113,the hp mini     ,0.0053
114,adobe indian houses,0.1,114,Indian family ,0.0,114,The Adob Indian House ,0.1,114,Indian houses  ,0.0012,114,Indian houses ,0.0012,114,Indian houses,0.0012,114,Indian houses,0.0012,114,The Indian house  ,0.0012,114,Indian houses,0.0012,114,Adobe Indian Houses,0.1,114,Indian houses,0.0012
115,pacific northwest laboratory,0.5,115,Pacific Northwest Laboratory ,0.5,115,Pacific Northwest Laboratory,0.5,115,Pacific Northwest Laboratory  ,0.5,115,Pacific Northwest Laboratory ,0.5,115,Northwest Pacific laboratory,0.5,115,Pacific Northwest Laboratory,0.5,115,Pacific Northwest Laboratory,0.5,115,Pacific Northwest Laboratory,0.5,115,Pacific Northwest Laboratory,0.5,115,Pacific Northwest laboratory,0.5
116,california franchise tax board,0.1111,116,The California Franchise Tax Agency,0.1667,116,The California Franchise Tax Commission,0.1,116,The California Privileges and Immunities Board  ,0.0028,116,The California franchise tax agency ,0.1667,116,California franchise tax board,0.1111,116,California Franchise Tax Board,0.1111,116,California Council on Franchise Taxes,0.25,116,California tax board franchises,0.1111,116,The California Board of Licensing,0.05,116,California franchise tax board,0.1111
117,dangers of asbestos,0.5,117,The dangers of asbestos ,0.5,117,The Dangers of Asbestos,0.5,117,The dangers of asbestos,0.5,117,The dangers of Asbestos ,0.5,117,dangers of asbestos,0.5,117,Hazards of asbestos,1.0,117,the risks of asbestos,0.3333,117,Asbestos hazards,1.0,117,The dangers of asbestos,0.5,117,The dangers of amnesia,0.0
118,poem in your pocket day,1.0,118,Poetry is in your pocket ,1.0,118,The poem is in my pocket ,0.3333,118,A poem in your pocket day ,1.0,118,Poetry in your pocket day ,1.0,118,Poem in your pocket,1.0,118,Poem in the Pocket Day,1.0,118,Poem in my pocket,0.3333,118,Poems in your pocket day,1.0,118,Your pocket day poem,1.0,118,Poetry in your day bag,0.0118
119,interview thank you,0.1111,119,Thank you for the interview ,0.1111,119,Thank you for the interview ,0.1111,119,Thanks for the interview ,0.1,119,Thank you for the interview ,0.1111,119,Thanks for the interview ,0.1,119,Thanks for the interview ,0.1,119,Thanks for the interview ,0.1,119,Thanks for the interview ,0.1,119,Thank you for the interview,0.1111,119,Thank you for the interview ,0.1111
120,tv on computer,0.0909,120,The TV is on the computer ,0.0909,120,TV on the computer ,0.0909,120,TV on the computer  ,0.0909,120,TV on the computer ,0.0909,120,television on computer,0.0263,120,Television on the computer,0.0263,120,TV on the computer,0.0909,120,TV on the computer,0.0909,120,TV on the computer,0.0909,120,television on a computer,0.0263
121,sit and reach test,0.25,121,The test was a test ,0.0,121,Sit and reach test,0.25,121,The seating and access test ,0.0,121,The seating and arrival test,0.0,121,seat and range test,0.0,121,The following information shall be provided ,0.0,121,Sitting and achievement testing,0.0435,121,Sit down and get the test,0.0909,121,The test of sitting,0.0256,121,the test of staying and reaching,0.003
122,culpeper national cemetery,0.0455,122,The Kappa National Cemetery,0.0,122,The National Cemetery of Culpeper,0.0455,122,The national cemetery of Collier  ,0.001,122,Culpeper National Cemetery,0.0455,122,the Culpeper National Cemetery,0.0455,122,Culpeper National Cemetery,0.0455,122,Culpeper National Cemetery,0.0455,122,Culpeper s national cemetery,0.0455,122,The National Cemetery of the Criminal,0.0041,122,national cemetery of the culpeper,0.0455
123,von willebrand disease,0.3333,123,This is the case with Woolwell Brand disease ,0.0,123,The Wilbland Poison,0.0,123,Von Wilbrand  s illness  ,0.0021,123,The illness of Von Wilbernd ,0.02,123,from von Willebrand s disease,0.3333,123,from Willebrand s disease,0.3333,123,The illness of von Wilbrand,0.0051,123,The illness of von Willebrand,1.0,123,One of the most common causes of death is the illness of the widow ,0.0,123,von Willebrand s disease,0.3333
124,bowflex power pro,0.5,124,Power is special ,0.0,124,Flex Power Pro ,0.0,124,The power of the moving bow  ,0.0,124,Believe in Peru,0.0,124,The pro of bowflex power,0.5,124,Bowflex Power Pro,0.5,124,Professional bowflex,0.5,124,Power pro bowflex,0.5,124,Curve power pro,0.0012,124,bowflex power pro,0.5
125,butter and margarine,0.5,125,Oil ,0.0,125,Butter and margarine ,0.5,125,Butter and margarine  ,0.5,125,And the corn and margarine ,0.0081,125,beef and margarine,0.0238,125,Butter and margarine,0.5,125,oil and margarine,0.0217,125,Butter and margarine,0.5,125,Ney and Margarine,0.0233,125,Oil and margarine,0.0217
126,us capitol map,0.0013,126,Map of the capital of the United States ,0.0,126,Map of the capital of the United States,0.0,126,Map of the United States,0.0,126,The map of the capital of the United States ,0.0,126,map of the capitol of the united states,0.0049,126,US chapter card,0.0,126,Map of the capital of the United States,0.0,126,map of the United States,0.0,126,Map of the U S  capital,0.0,126,map of the capital of the United States,0.0
127,dutchess county tourism,1.0,127,Tour of the Dutch province,0.0,127,Tourist of the Dutch county,0.0,127,Tourism in the province of Holland,0.0,127,Tourism in the Netherlands,0.0,127,tourism in the Dutch county,0.001,127,Tourism in the Dutch county,0.001,127,Tourism in the Dutch district,0.0,127,tourism in the Netherlands,0.0,127,Dutch county tourism,0.001,127,Tourist district of the Netherlands,0.0
128,atypical squamous cells,0.125,128,It is a homotypal cell ,0.0,128,It s an abnormal vertical cell ,0.0189,128,Stem cells are not typical  ,0.0,128,Unusual scarring cells,0.0,128,atypical squamous cells,0.125,128,Other non typical foam cells,0.0,128,Atypical flat cells,0.3333,128,Unusual squamous cells,0.0094,128,Atypical cooled cells,0.1,128,atypical squamous cells,0.125
129,iowa food stamp program,0.0109,129,The Iowa Food Tickets Program,0.0045,129,Iowa food stamp program,0.0109,129,The food card program  ,0.0,129,Eva s food schedule ,0.0,129,Iowa s good food program,0.0049,129,Iowa food stamp program,0.0109,129,Food stamps in Iowa,0.0167,129,Iowa food mining program,0.0062,129,Iowa Food Stamp Program,0.0109,129,Iowa food packaging program,0.0041
130,fact on uranus,1.0,130,The truth about amnesia ,0.0,130,The Facts About Uranus,0.1667,130,The truth about uranium ,0.0,130,The truth about Uranus ,0.1,130,made of uranium,0.0,130,The following is the list of the countries of the Union ,0.0,130,The fact about uranium,0.0,130,facts about uranium,0.0,130,The Truth About Uranus,0.1,130,The truth about uranium,0.0
131,equal opportunity employer,0.0217,131,Employers of same sex opportunities,0.0014,131,Employers with equal opportunities,0.0217,131,Equal employer in opportunity,0.0217,131,Employer of equal opportunity,0.0217,131,equal opportunities employer,0.0217,131,Employers with equal rights,0.003,131,Employer on equal opportunities,0.0217,131,Employers of equal opportunity,0.0217,131,Employer who provides equal opportunities,0.0078,131,equal opportunity employer,0.0217
132,mothers day songs,0.1,132,Mother s Day song,0.125,132,Mother sing me,1.0,132,Mother s day songs ,0.125,132,Mother s day songs ,0.125,132,songs of mother s day,0.125,132,Mother s day songs,0.125,132,Mother s Day songs,0.125,132,Mother s day song,0.125,132,Mother s Day songs,0.125,132,Mother s day songs,0.125
133,all men are created equal,1.0,133,We are all created equal ,0.1667,133,And every human being is created equal ,0.0244,133,All men are created equal  ,1.0,133,All men are created equal ,1.0,133,All men are created equal,1.0,133,All people are equal ,0.0175,133,All men are equal ,0.037,133,All men are created equal,1.0,133,All men are created equal ,1.0,133,All humans are created equal ,0.0667
134,electronic skeet shoot,0.0045,134,Electronic shoots ,0.0,134,Electronic skate shooting,0.0,134,Electronic firing  ,0.0,134,The electrical shot ,0.0,134,shooting the electronic hook,0.0,134,Electronic fire,0.0,134,The electronic sketch,0.0,134,Shoot the electronic skeleton,0.0,134,Shooting electronic skate,0.0,134,electronic skeet shot,0.0043
135,source of the nile,0.0085,135,The source of the Nile ,0.0085,135,The source of the Nile River,0.0031,135,The source of the Nile ,0.0085,135,The source of the Nile ,0.0085,135,source of the Nile,0.0085,135,Source of the Nile,0.0085,135,The source of the Nile,0.0085,135,source of the Nile,0.0085,135,The source of the Nile,0.0085,135,source of the Nile,0.0085
136,american military university,0.0011,136,The U S  Army,0.0,136,The U S  Military Academy,0.0,136,The U S  Military Academy  ,0.0,136,The U S  Military Academy,0.0,136,U S  military university,0.0,136,American Military University,0.0011,136,The American Military University,0.0011,136,The U S  Military University,0.0,136,The U S  Military University,0.0,136,U S  military university,0.0
137,rock and gem shows,1.0,137,The rock and the gem show ,1.0,137,Rock and jewelry show ,0.5,137,The rock and jewelry shows ,0.5,137,Stone and jewelry exhibits,0.0233,137,rock and precious stones,0.0,137,Rock and gem show,1.0,137,The rock and roll show ,0.25,137,Exhibition of stones and jewels,0.0021,137,Rock and rock shows,0.0667,137,exhibitions of stone and jewelry,0.0233
138,jax chemical company,1.0,138,Jax Chemical Co ,0.125,138,The Jax Chemical Company ,1.0,138,The Geeks Chemical Company  ,0.0,138,The Geeks Chemical Company ,0.0,138,chemical company jax,1.0,138,Jax chemical companies,1.0,138,chemical company jax,1.0,138,chemical company jax,1.0,138,The Jacks Institute of Chemistry,0.0,138,chemical company jax,1.0
139,rocky mountain news,0.0323,139,The Rock Mountain News,0.0,139,The news from the rock ,0.0,139,News from the Rockies  ,0.0769,139,The news of the Rocky Mountains ,0.0323,139,News from the Rocky Mountain,0.0417,139,Mountains from the Rocky Mountains,0.0052,139,News of the Rocky Mountains,0.0323,139,rock mountain news,0.0,139,Rock Mountain News,0.0,139,the story of the rocky mountains,0.0233
140,east ridge high school,0.0033,140,High school ,0.0,140,East Ridge High School ,0.0033,140,High school in East Ridge  ,0.0033,140,East Ridge High School ,0.0033,140,East Ridge High School,0.0033,140,East Ridge High School,0.0033,140,Eastern High School,0.0,140,East Ridge High School,0.0033,140,East Ridge High School,0.0033,140,East Ridge High School,0.0033
141,va dmv registration,0.0833,141,The national product registration,0.0,141,Register the dmv,0.0769,141,Sign up at the   ,0.0,141,Registered,0.0,141,of registration by the Dmv,0.0385,141,V V  Registration,0.0,141,registration in the DMV,0.0385,141,dmv registration,0.0385,141,Air patent registration,0.0,141,registration of the dmv,0.0385
142,illinois state tax,0.25,142,Illinois tax ,0.2,142,Taxes in the state of Illinois ,0.25,142,Illinois state tax  ,0.25,142,Taxation in the state of Illinois,0.1667,142,taxation of the State of Illinois,0.1667,142,Tax of the State of Illinois,0.25,142,Tax on the state of Illinois,0.25,142,taxes of the state of Illinois,0.25,142,Illinois State Tax,0.25,142,taxation of the state of Illinois,0.1667
143,arkadelphia health club,0.0,143,The Arkadelphia Health Club,0.0,143,The Acadelphian Health Club ,0.0,143,The health club  ,0.0,143,The Archadelfia Health Club ,0.0,143,Arcadelphian health club,0.0,143,Arcadelphian health club,0.0,143,The Arcadelphian health club,0.0,143,the arkadelphia health club,0.0,143,The Arcadia Health Society is a nonprofit organization that provides health care services to children and youths ,0.0,143,Arkadelphia health club,0.0
144,trombone for sale,0.2,144,It s sold ,0.0,144,Tromone sales,0.0,144,Trampons for sale  ,0.0,144,Trampons for sale ,0.0,144,trombone for sale,0.2,144,Trombones for sale,0.2,144,Trombone for sale,0.2,144,trombone for sale,0.2,144,Trombone for sale,0.2,144,trombone for sale,0.2
145,vines for shade,0.2,145,It s the fruit ,0.0,145,A vine for shade,0.2,145,The grapes for the shade ,0.0323,145,Grapes for the Shade,0.0323,145,Vineyards in the shade,0.0,145,Vineyards for shade,0.0,145,Grapevine for shade,0.04,145,Vine for shade,0.2,145,The vineyards are suitable for shade,0.0,145,shady grapes,0.0196
146,sherwood regional library,0.5,146,Sherwood Regional Library,0.5,146,Sherwood County Library,0.0333,146,The regional library in Sherwood  ,0.5,146,The Sherwood District Library ,0.125,146,Sherwood Regional Library,0.5,146,The Scherwood Regional Library,0.0082,146,Sherwood Regional Library,0.5,146,the Sherwood regional library,0.5,146,The Sherwood Regional Library,0.5,146,sherwood strip library,0.0345
147,tangible personal property tax,1.0,147,Personal property tax,0.1429,147,Incidentally  personal property taxes are,0.2,147,Personal property tax,0.1429,147,Personal property tax,0.1429,147,Tax on tangible personal property,1.0,147,The amount of the adjustment shall be reported in the following column ,0.0023,147,tax on material property,0.25,147,real personal property tax,0.0455,147,A substantial personal property tax,0.0909,147,personal property tax,0.1429
148,martha stewart and imclone,1.0,148,Martha Stewart and Imclone ,1.0,148,Martha Stewart and the Imklone ,0.0345,148,Martha Stewart and Emklone ,0.0345,148,Martha Stewart and Umkhonto we are ,0.0333,148,Martha Stewart and Imclone,1.0,148,Martha Stewart and Imclone,1.0,148,Martha Stewart and Imklone,0.0345,148,Martha Stewart and Imclone,1.0,148,Martha Stewart and Imklone,0.0345,148,Martha Stewart and Imclone,1.0
149,uplift at yellowstone national park,0.1667,149,The rise of Yellowstone National Park,0.0667,149,The elevator at the Yellowstone National Park ,0.1,149,He was raised in Yellowstone National Park ,0.0556,149,Promotion at Yellowstone National Park,0.0417,149,The elevator at Yellowstone National Park,0.1,149,The Yellowstone National Park is closed,0.0833,149,The climb in Yellowstone National Park,0.0476,149,Raised in Yellowstone National Park,0.0625,149,Rise in Yellowstone National Park,0.0667,149,uplift in Yellowstone National Park,0.1667
150,tn highway patrol,0.0244,150,TN Highway Patrol,0.0244,150,Highway patrol ,0.0031,150,Highway patrol  ,0.0031,150,Highway patrol,0.0031,150,Road patrol,0.0012,150,Tn motorway patrol,0.0025,150,TN of the road patrol,0.0204,150,The big tour,0.0,150,tn highway patrol,0.0244,150,tn road patrol,0.0204
151,403b,1.0,151,   b ,0.0,151,   b,0.0,151,   b  ,0.0,151,   b,0.0,151,   b,0.0,151,Other articles,0.0,151,   b,0.0,151,   b,0.0,151,   b,0.0,151,   b,0.0
152,angular cheilitis,0.0,152,Coronary artery disease ,0.0,152,The angle of the salt,0.0,152,Corner head inflammation  ,0.0,152,It s a corner ,0.0,152,angular sheability,0.0,152,Other  of a kind used for the manufacture of goods,0.0,152,The corner helite,0.0,152,angular paralysis,0.0,152,angular curvature,0.0,152,angular chelulitis,0.0
153,pocono,0.3333,153,Poconno ,0.0,153,Pocono is here ,0.3333,153,The bocone  ,0.0,153,The pooch ,0.0,153,Pocono,0.3333,153,Pocono,0.3333,153,The Poconos,0.3333,153,Pocono is,0.3333,153,the bogono,0.0,153,Better,0.0
154,figs,0.0909,154,The tree ,0.0,154,I don t know ,0.0,154,The fig  ,0.0909,154,The figs ,0.0909,154,the figs,0.0909,154,Figs,0.0909,154,The figs,0.0909,154,figs,0.0909,154,The fig trees,1.0,154,figs,0.0909
155,last supper painting,1.0,155,The last dinner drawing ,0.0,155,Last dinner painting,0.2,155,The last painting ,0.0909,155,The last painting dinner ,0.2,155,Last table,0.0,155,Last supper painting,1.0,155,The last picture  ,0.0,155,Last dinner painting,0.2,155,The painting depicts the Last Supper,0.5,155,picture of the last supper,0.125
156,university of phoenix,0.5,156,The University of Nix ,0.0,156,The University of Phoenix,0.5,156,The University of Phoenix  ,0.5,156,The University of Phoenix ,0.5,156,University of Phoenix,0.5,156,University of Phoenix,0.5,156,The University of Phoenix,0.5,156,The University of Phoenix,0.5,156,The University of Phoenix,0.5,156,the University of Phoenix,0.5
157,the beatles rock band,0.1667,157,The Beatles ,0.0059,157,The Beatles are rock band ,0.1667,157,The Beatles  ,0.0059,157,The rock band The Beatles ,0.1667,157,the Beatles rock band,0.1667,157,The Beatles rock band,0.1667,157,The Beatles rock band,0.1667,157,The Beatles rock band,0.1667,157,The Beatles were a rock band ,0.037,157,The Beatles rock band,0.1667
158,septic system design,1.0,158,The design of the seven spin system ,0.0,158,Design of the septic system,1.0,158,The design of the decentralized system,0.0833,158,Design of the septic system,1.0,158,design of the septic system,1.0,158,Design of the septic system,1.0,158,the construction of the septic system,1.0,158,design of septic systems,1.0,158,Design of the septic system,1.0,158,design of septic system,1.0
159,porterville,0.3333,159,Portville  the city of Portville ,0.0,159,I m not sure ,0.0,159,Porterville  ,0.3333,159,Portroyl ,,159,Portreville,,159,Portville,0.0,159,I  m not here  ,0.0,159,The porterville,0.3333,159,Portville,0.0,159,Porterville,0.3333
160,grilling,0.0128,160,The roast meat ,0.0,160,Gary  please ,0.0,160,The confusion ,0.0,160,They re grilling ,0.0047,160,grilling,0.0128,160,Grill,0.0128,160,The grids,0.0,160,Fries,0.0,160,Glue,0.0,160,heating,0.0
161,furniture for small spaces,0.037,161,Small space furniture ,0.037,161,Furniture in a small space ,0.037,161,Furniture for small places  ,0.0139,161,Furniture for small spaces,0.037,161,furniture for small spaces,0.037,161,Furniture for small rooms,0.0042,161,furniture for small rooms,0.0042,161,furniture for small space,0.037,161,Furniture for small spaces,0.037,161,furniture for small space,0.037
162,dnr,0.0833,162,Other things ,0.0,162,Double that ,0.0,162,A ,,162,This is it ,,162,Other,0.0,162,The Commission,0.0,162,The DNR,0.0833,162,DN,0.0,162,The D M C ,0.0,162,Dr ,0.0
163,arkansas,0.025,163,The state of Arkansas  USA,1.0,163,Arkansas ,0.025,163,Arkansas  ,0.025,163,Arkansas ,0.025,163,The Arkansas,0.025,163,Arkansas,0.025,163,Arkansas,0.025,163,Arkansas,0.025,163,Arkansas,0.025,163,Arkansas,0.025
164,hobby stores,0.0556,164,The hobby shop ,0.0476,164,It s a hobby shop ,0.25,164,Interested shops,0.0,164,The entertainment shops,0.0,164,leisure business,0.0,164,Hobby shops,0.0476,164,Hobby shops,0.0476,164,hobby shop,0.0476,164,The entertainment shops,0.0,164,entertainment shops,0.0
165,blue throated hummingbird,0.0286,165,The blue throated fellow humans ,0.0,165,Colliver with a blue neck ,0.0,165,The blue throated Alliance bird  ,0.0,165,It s the same blue collar ,0.0,165,Blue throated hummingbird,0.0286,165,Other  of a kind used for the manufacture of goods of heading     ,0.0,165,The blue throat of a cobbler,0.0,165,Blue footed hummingbirds,0.0042,165,The blue collared Olympic,0.0,165,blue throated hummingbird,0.0286
166,computer programming,0.0167,166,Computer programming ,0.0167,166,Computer programming,0.0167,166,Computer programming,0.0167,166,Computer programming,0.0167,166,computer programming,0.0167,166,Computer programming,0.0167,166,computer programming,0.0167,166,Computer programming,0.0167,166,computer programming,0.0167,166,computer programs,0.0167
167,barbados,0.0294,167,Fish ,0.0,167,Barbados,0.0294,167,Barbados  ,0.0294,167,It s ruined ,0.0,167,The Beards,0.0,167,The following is the list of countries ,0.0,167,Barbados,0.0294,167,Armed,0.0,167,Barbados,0.0294,167,drug industries,0.0
168,lipoma,0.5,168,The tumor ,0.0,168,I have a lymphoma ,0.0,168,Aciditis  ,0.0,168,The lipum ,0.0,168,Lipoma,0.5,168,Lipomas and other,0.2,168,liposomes,0.0,168,Lipomas,0.5,168,bone marrow,0.0,168,when the disease,0.0
169,battles in the civil war,0.0345,169,Civil War,0.0286,169,The Civil War ,0.0286,169,Your battles in the Civil War  ,0.0345,169,Civil War battles,0.0345,169,battles of the civil war,0.0345,169,Battles in the Civil War,0.0345,169,battles in the civil war,0.0345,169,The Civil War,0.0286,169,The Civil War was a period of civil war ,0.0135,169,civil war,0.0286
170,scooters,0.0041,170,The scooter ,0.0041,170,The scooter ,0.0041,170,The bikes  ,0.0,170,The scooters ,0.0041,170,the scooters,0.0041,170,Motor vehicles,0.0,170,The motorcycle,0.0,170,scooter,0.0041,170,scooters,0.0041,170,motorcycle,0.0
171,ron howard,1.0,171,Ron Howard ,1.0,171,  What ,0.0,171,Ron Howard  ,1.0,171,Ron Howard ,1.0,171,Ron Howard,1.0,171,Ron Howard,1.0,171,Ron Howard,1.0,171,Ron Howard,1.0,171,Ron Howard,1.0,171,Ron Howard,1.0
172,becoming a paralegal,0.3333,172,I became a legal assistant ,0.0217,172,The legal profession ,0.0152,172,Become a legal assistant  ,0.25,172,Becoming a lawyer ,0.0061,172,become a paramilitary,0.0,172,Becoming a lawyer,0.0061,172,become a legal assistant,0.25,172,Become a paralegal,0.3333,172,Legal aid,0.0,172,to be a legal assistant,0.0123
173,hip fractures,0.25,173,The fracture ,0.0556,173,A fracture of the hip ,0.25,173,Broken hip  ,1.0,173,Joint fractures,0.1429,173,fractures of the hip,0.25,173,Hip fractures,0.25,173,hip fractures,0.25,173,a broken hip,1.0,173,Hip fractures,0.25,173,a broken ankle,0.0115
174,rock art,0.1111,174,Rock art ,0.1111,174,Rock art,0.1111,174,The art of rock  ,0.1111,174,Rock art ,0.1111,174,Art rock,0.1111,174,Rock art,0.1111,174,Rock art,0.1111,174,Rock art,0.1111,174,rock art,0.1111,174,rock art,0.1111
175,signs of a heartattack,1.0,175,Signs of heart attack ,0.5,175,Signs of a heart attack,0.5,175,Signs of a heart attack  ,0.5,175,Signs of a heart attack ,0.5,175,signs of heart attack,0.5,175,Signs of a Heart Attack,0.5,175,signs of heart attack,0.5,175,Signs of a heart attack,0.5,175,The symptoms of a heart attack,0.5,175,signs of heart attack,0.5
176,weather strip,0.007,176,Weather conditions ,0.0,176,Weather,0.0,176,The weather tape  ,0.0,176,The weather line ,0.0,176,Weather band,0.0,176,Weather strips,0.007,176,weather band,0.0,176,Weather tracks,0.0,176,Weather trajectory,0.0,176,Weather line,0.0
177,best long term care insurance,0.0435,177,The best long term insurance ,0.0588,177,The best long term care insurance ,0.0435,177,Best long term care insurance  ,0.0435,177,The best long term care insurance ,0.0435,177,the best insurance for long term care,0.0435,177,Best long term care insurance,0.0435,177,Best long term care insurance,0.0435,177,the best long term care insurance,0.0435,177,Best long term care insurance,0.0435,177,Best long term insurance service,0.1111
178,pork tenderloin,0.0667,178,The pork ,0.0088,178,It s a pig ,0.0,178,The pork ,0.0088,178,Pork ,0.0088,178,pork wool,0.0,178,Meat of swine,0.0,178,Pig meat,0.0,178,Pork,0.0088,178,Pork,0.0088,178,pork,0.0088
179,black history,0.0333,179,The history of the black people ,0.0135,179,The black market ,0.0,179,The history of the black people  ,0.0135,179,The black history ,0.0333,179,black story,0.0,179,The black history,0.0333,179,The black story,0.0,179,The history of black,0.0333,179,The history of the Black,0.0333,179,history of blacks,0.0333
180,newyork hotels,0.125,180,This is a hotel in New York City ,0.0071,180,Hotel in New York ,0.5,180,The hotels in New York  ,0.5,180,The hotels in New York ,0.5,180,hotels in New York,0.5,180,Hotels in New York,0.5,180,hotels in New York,0.5,180,hotel in New York,0.5,180,New York hotels,0.5,180,hotels in New York,0.5
181,old coins,0.1429,181,It s old ,0.0,181,Old coins ,0.1429,181,Old coins  ,0.1429,181,Old coins ,0.1429,181,old coins,0.1429,181,Other coins,0.0102,181,old coins,0.1429,181,Old coins,0.1429,181,Old coins,0.1429,181,ancient coins,0.0013
182,quit smoking,0.1111,182,Quit smoking ,0.1111,182,Stop smoking ,0.5,182,Quit smoking  ,0.1111,182,Quit smoking,0.1111,182,quit smoking,0.1111,182,Quit Smoking,0.1111,182,to quit smoking,0.1111,182,Stop smoking,0.5,182,Stop smoking,0.5,182,quit smoking,0.1111
183,kansas city mo,0.0112,183,Kansas City ,0.0091,183,Kansas City  Mo ,0.0112,183,Kansas City  ,0.0091,183,Kansas City ,0.0091,183,Kansas City is not,0.0091,183,Kansas City Mo,0.0112,183,Kansas City,0.0091,183,Kansas City mo,0.0112,183,Kansas City,0.0091,183,Kansas City Mo,0.0112
184,civil right movement,0.0769,184,Civil rights movement,0.0769,184,The Civil Rights Movement,0.0769,184,The civil movement  ,0.0435,184,Civil rights movement,0.0769,184,civil rights movement,0.0769,184,The European Parliament,0.0,184,the civil law,0.0102,184,civil rights movement,0.0769,184,Civil rights movement,0.0769,184,civil rights movement,0.0769
185,credit report,0.0154,185,Credit reports ,0.0154,185,Credit reports ,0.0154,185,Credit report,0.0154,185,Credit report,0.0154,185,credit report,0.0154,185,Credit report,0.0154,185,credit reporting,0.0154,185,credit report,0.0154,185,credit report,0.0154,185,report on credit,0.0154
186,unc,0.0714,186,Select themes,0.0,186,I m not sure ,0.0,186,On the Sea  ,0.0,186,Unc ,0.0714,186,unc,0.0714,186,Unc,0.0714,186, c ,0.0,186,Unc,0.0714,186,A ,,186,the unc,0.0714
187,vanuatu,0.1667,187,This is Vanua ,0.0,187,I m going to Vanuatu ,0.0625,187,What is it ,0.0,187,The van ,0.0,187,the vanuatu,0.1667,187,of the,,187,The Venue,0.0,187,Vanuatu is a country,0.3333,187,forest,0.0,187,Who are they ,0.0
188,internet phone service,0.0076,188,Internet phone service,0.0076,188,Internet telephone service,0.0033,188,Internet telephone service,0.0033,188,Internet telephone service,0.0033,188,telephone and Internet service,0.0033,188,Internet telephone service,0.0033,188,Internet telephone service,0.0033,188,Internet service telephone,0.0033,188,Internet telephone service,0.0033,188,Internet telephone service,0.0033
189,gs pay rate,0.0323,189,Gs  the salary rate ,0.0106,189,Gs wage rate,0.02,189,The salary rate,0.0,189,The rate of pay,0.0104,189,rate of remuneration,0.0,189,Gs wages,0.0123,189,GC wage rate,0.0,189,Gs wage rate,0.02,189,Gs wage rate,0.02,189,the salary,0.0
190,brooks brothers clearance,0.2,190,Brother Brook  license ,0.0833,190,The Brooks Brothers are promoted ,1.0,190,The Brooks brothers are cleared  ,0.05,190,The Brooks Brothers are licensed ,0.0833,190,Statement by the Brooks Brothers,0.0714,190,Brooks brothers departure,0.0667,190,Brooks Brothers is allowed  ,0.0833,190,Application brooks,0.0012,190,Brother Brooks allowed,0.0833,190,brooks brother clearance,0.2
191,churchill downs,0.1429,191,The hills are falling ,0.0,191,Down the church building ,0.0,191,Down in the church ,0.0,191,The church ,0.0,191,the church s descent,0.0,191,Strike the Church,0.0,191,The church s disbandment,0.0,191,Down the churchill,0.1429,191,The Church,0.0,191,churchill down,0.1429
192,condos in florida,0.0588,192,Apartment in Florida ,0.004,192,Apartment in Florida ,0.004,192,Apartment in Florida  ,0.004,192,Apartment in Florida ,0.004,192,Apartments in Florida,0.004,192,Housing in Florida,0.0021,192,Apartments in Florida,0.004,192,Apartment in Florida,0.004,192,Apartments in Florida,0.004,192,interior houses in Florida,0.0
193,dog clean up bags,1.0,193,Dogs are cleaning bags ,1.0,193,The dog cleaner ,0.0028,193,The dog cleans the bags ,1.0,193,Where to clean the hat ,0.0,193,Dog cleaning bags,1.0,193,Cleaning Dogs,0.0091,193,The dog cleans the bags ,1.0,193,Cleaning the dog bag,1.0,193,Dog cleaning bags,1.0,193,dog cleaning bags,1.0
194,designer dog breeds,1.0,194,Designed dog breeds ,1.0,194,Designed Dog Breed,1.0,194,Designed dog breeds,1.0,194,Designers  dog breed,1.0,194,design dog breeds,1.0,194,Designers  breeds,0.5,194,designers   dogs,0.1667,194,Design dog breed,1.0,194,Designer dog breeds,1.0,194,breeding dog,0.0105
195,pressure washers,0.0093,195,The pressure washer ,0.0093,195,Pressure washing machine,0.0019,195,Pressure washers  ,0.0093,195,The pressure washers ,0.0093,195,pressure washing machines,0.0019,195,Washing machines,0.0,195,washing machines,0.0,195,pressure washing machine,0.0019,195,Pressure washing machines,0.0019,195,Pressure washing machines,0.0019
196,sore throat,0.5,196,My throat hurts ,0.025,196,I m in a lot of pain ,0.0,196,Pain in the throat ,0.0189,196,Pain in the throat ,0.0189,196,sore throat,0.5,196,Pain in the throat,0.0189,196,a sore throat,0.5,196,A sore throat,0.5,196,Throat pain,0.0189,196,back pain,0.0
197,idaho state flower,0.5,197,Idaho flower ,0.0286,197,Idaho flower,0.0286,197,Idaho state flower  ,0.5,197,Flower of Idaho ,0.0286,197,Idaho state flower,0.5,197,Idaho flower,0.0286,197,I know ,0.0,197,Idaho state flower,0.5,197,Idaho State Flower,0.5,197,Idaho state flowers,0.5
198,indiana state fairgrounds,0.25,198,The Indiana Fair ,0.125,198,The Indiana State Fair ,0.25,198,The Indiana Department of Housing,0.0,198,The Indiana Fairgrounds ,0.25,198,the Indiana State Fairgrounds,0.25,198,Holidays in Indiana,0.0,198,India,0.0,198,Indiana state fair,0.25,198,Exhibition grounds in Indiana,0.0137,198,exhibition sites of the state of Indiana,0.0588
199,fybromyalgia,0.3333,199,Myalgic diseases ,0.0303,199,I know ,0.0,199,My daughter is a fibromyalgia ,0.0263,199,Fibromyalgia,0.5,199,the phybromyalgia,,199,Fibromyalgia,0.5,199,Fibromyalgia,0.5,199,Fibromyalgia,0.5,199,The first is the fact that the patient is suffering from fibromyalgia ,0.5,199,paralysis,0.0
200,ontario california airport,0.1111,200,Ontario  California Airport,0.1111,200,Ontario  California Airport,0.1111,200,Ontario  California airport,0.1111,200,The airport in Ontario  California ,0.1111,200,Airport of Ontario California,0.1111,200,Airport of Ontario,0.0417,200,Ontario airport in California,0.1111,200,Ontario california airport,0.1111,200,Ontario California Airport,0.1111,200,Ontario California airport,0.1111
