qid,abstractqueryexpansion,abstractqueryexpansion.bm25.recip_rank,star_model_count,method.1,metric.1,query.1,method.2,metric.2,query.2,method.3,metric.3,query.3,method.4,metric.4,query.4,method.5,metric.5,query.5,method.6,metric.6,query.6,method.7,metric.7,query.7,method.8,metric.8,query.8,method.9,metric.9,query.9
301,International Organized Crime,0.2,2,backtranslation_deu_latn,0.3333,International organised crime,backtranslation_swh_latn,0.25,International Crime,,,,,,,,,,,,,,,,,,,,,
302,Poliomyelitis and Post-Polio,1.0,0,,,,,,,,,,,,,,,,,,,,,,,,,,,
303,Hubble Telescope Achievements,0.5,0,,,,,,,,,,,,,,,,,,,,,,,,,,,
304,Endangered Species (Mammals),1.0,0,,,,,,,,,,,,,,,,,,,,,,,,,,,
305,Most Dangerous Vehicles,0.0137,3,backtranslation_arb_arab,0.0667,More dangerous cars,backtranslation_yue_hant,0.0625,The most dangerous car,backtranslation_swh_latn,0.0625,The Most Dangerous Cars,,,,,,,,,,,,,,,,,,
306,African Civilian Deaths,1.0,0,,,,,,,,,,,,,,,,,,,,,,,,,,,
307,New Hydroelectric Projects,1.0,0,,,,,,,,,,,,,,,,,,,,,,,,,,,
308,Implant Dentistry,1.0,0,,,,,,,,,,,,,,,,,,,,,,,,,,,
309,Rap and Crime,0.0034,0,,,,,,,,,,,,,,,,,,,,,,,,,,,
310,Radio Waves and Brain Cancer,1.0,0,,,,,,,,,,,,,,,,,,,,,,,,,,,
311,Industrial Espionage,1.0,0,,,,,,,,,,,,,,,,,,,,,,,,,,,
312,Hydroponics,1.0,0,,,,,,,,,,,,,,,,,,,,,,,,,,,
313,Magnetic Levitation-Maglev,1.0,0,,,,,,,,,,,,,,,,,,,,,,,,,,,
314,Marine Vegetation,0.0333,8,backtranslation_yue_hant,1.0,The seaweed,backtranslation_arb_arab,1.0,Marine plants,backtranslation_pes_arab,1.0,Seaweed,backtranslation_rus_cyrl,1.0,Sea vegetation,backtranslation_deu_latn,0.5,Sea farming,backtranslation_kor_hang,0.0625,Sea plants,backtranslation_zsm_latn,0.0625,Sea plants,backtranslation_tam_taml,0.0625,Sea plants,,,
315,Unexplained Highway Accidents,0.2,1,backtranslation_yue_hant,0.25,There s no reason for traffic accidents,,,,,,,,,,,,,,,,,,,,,,,,
316,Polygamy Polyandry Polygyny,0.5,5,backtranslation_yue_hant,1.0,Polygamy is polygamy,backtranslation_fra_latn,1.0,Polygamy and polygamy,backtranslation_deu_latn,1.0,Polygamy and polygamy,backtranslation_rus_cyrl,1.0,Polygamy of Polyandria Polygania,backtranslation_zsm_latn,1.0,Polygamy Polygamy,,,,,,,,,,,,
317,Unsolicited Faxes,1.0,0,,,,,,,,,,,,,,,,,,,,,,,,,,,
318,Best Retirement Country,0.25,0,,,,,,,,,,,,,,,,,,,,,,,,,,,
319,New Fuel Sources,1.0,0,,,,,,,,,,,,,,,,,,,,,,,,,,,
320,Undersea Fiber Optic Cable,0.0303,6,backtranslation_arb_arab,0.25,Sea fiber cable underwater,backtranslation_zsm_latn,0.1667,Underwater fiber optic cables,backtranslation_rus_cyrl,0.1111,Subsea optical cable made of fibres,backtranslation_tam_taml,0.1,Sea glass fiber cable,backtranslation_fra_latn,0.0769,Submarine fibre optic cable,backtranslation_deu_latn,0.0588,Subsea optical cables,,,,,,,,,
321,Women in Parliaments,1.0,0,,,,,,,,,,,,,,,,,,,,,,,,,,,
322,International Art Crime,0.0357,1,backtranslation_fra_latn,0.0588,International crime against art,,,,,,,,,,,,,,,,,,,,,,,,
323,Literary/Journalistic Plagiarism,1.0,0,,,,,,,,,,,,,,,,,,,,,,,,,,,
324,Argentine/British Relations,1.0,0,,,,,,,,,,,,,,,,,,,,,,,,,,,
325,Cult Lifestyles,0.1667,0,,,,,,,,,,,,,,,,,,,,,,,,,,,
326,Ferry Sinkings,1.0,0,,,,,,,,,,,,,,,,,,,,,,,,,,,
327,Modern Slavery,0.1667,0,,,,,,,,,,,,,,,,,,,,,,,,,,,
328,Pope Beatifications,1.0,0,,,,,,,,,,,,,,,,,,,,,,,,,,,
329,Mexican Air Pollution,1.0,0,,,,,,,,,,,,,,,,,,,,,,,,,,,
330,Iran-Iraq Cooperation,0.5,0,,,,,,,,,,,,,,,,,,,,,,,,,,,
331,World Bank Criticism,1.0,0,,,,,,,,,,,,,,,,,,,,,,,,,,,
332,Income Tax Evasion,0.25,0,,,,,,,,,,,,,,,,,,,,,,,,,,,
333,Antibiotics Bacteria Disease,1.0,0,,,,,,,,,,,,,,,,,,,,,,,,,,,
334,Export Controls Cryptography,1.0,0,,,,,,,,,,,,,,,,,,,,,,,,,,,
335,Adoptive Biological Parents,1.0,0,,,,,,,,,,,,,,,,,,,,,,,,,,,
336,Black Bear Attacks,0.5,0,,,,,,,,,,,,,,,,,,,,,,,,,,,
337,Viral Hepatitis,1.0,0,,,,,,,,,,,,,,,,,,,,,,,,,,,
338,Risk of Aspirin,1.0,0,,,,,,,,,,,,,,,,,,,,,,,,,,,
339,Alzheimer's Drug Treatment,0.5,0,,,,,,,,,,,,,,,,,,,,,,,,,,,
340,Land Mine Ban,1.0,0,,,,,,,,,,,,,,,,,,,,,,,,,,,
341,Airport Security,1.0,0,,,,,,,,,,,,,,,,,,,,,,,,,,,
342,Diplomatic Expulsion,0.3333,0,,,,,,,,,,,,,,,,,,,,,,,,,,,
343,Police Deaths,0.0455,5,backtranslation_zsm_latn,0.25,Death of a cop,backtranslation_swh_latn,0.125,The Death of a Police Officer,backtranslation_yue_hant,0.0833,The police are dead,backtranslation_kor_hang,0.0833,Police dead,backtranslation_rus_cyrl,0.0833,The police are dead,,,,,,,,,,,,
344,Abuses of E-Mail,0.3333,1,backtranslation_zsm_latn,1.0,Breach of e mail,,,,,,,,,,,,,,,,,,,,,,,,
345,Overseas Tobacco Sales,0.2,7,backtranslation_yue_hant,1.0,I sell cigarettes abroad,backtranslation_pes_arab,1.0,Smoking sales abroad,backtranslation_fra_latn,1.0,Tobacco sales abroad,backtranslation_rus_cyrl,1.0,The sale of tobacco abroad,backtranslation_zsm_latn,1.0,Tobacco sales abroad,backtranslation_tam_taml,1.0,The sale of tobacco abroad,backtranslation_arb_arab,0.5,Tobacco sales outside,,,,,,
346,Educational Standards,0.3333,0,,,,,,,,,,,,,,,,,,,,,,,,,,,
347,Wildlife Extinction,0.1429,7,backtranslation_kor_hang,1.0,Extinction of the Wild,backtranslation_pes_arab,1.0,Extinction of the wild,backtranslation_rus_cyrl,1.0,Extinction of the wild,backtranslation_zsm_latn,1.0,Extinction of the wild,backtranslation_tam_taml,0.5,The destruction of wild animals,backtranslation_swh_latn,0.25,The Extinction of Animals,backtranslation_yue_hant,0.1667,Wildlife is disappearing,,,,,,
348,Agoraphobia,1.0,0,,,,,,,,,,,,,,,,,,,,,,,,,,,
349,Metabolism,1.0,0,,,,,,,,,,,,,,,,,,,,,,,,,,,
350,Health and Computer Terminals,1.0,0,,,,,,,,,,,,,,,,,,,,,,,,,,,
351,Falkland petroleum exploration,1.0,0,,,,,,,,,,,,,,,,,,,,,,,,,,,
352,British Chunnel impact,1.0,0,,,,,,,,,,,,,,,,,,,,,,,,,,,
353,Antarctica exploration,1.0,0,,,,,,,,,,,,,,,,,,,,,,,,,,,
354,journalist risks,0.5,0,,,,,,,,,,,,,,,,,,,,,,,,,,,
355,ocean remote sensing,1.0,0,,,,,,,,,,,,,,,,,,,,,,,,,,,
356,postmenopausal estrogen Britain,0.0476,3,backtranslation_arb_arab,1.0,Oestrogen after the age of despair Britain,backtranslation_pes_arab,0.1667,Estrogen after the British monopoly,backtranslation_tam_taml,0.05,Estrogen Britain after the end of menopause,,,,,,,,,,,,,,,,,,
357,territorial waters dispute,1.0,0,,,,,,,,,,,,,,,,,,,,,,,,,,,
358,blood-alcohol fatalities,1.0,0,,,,,,,,,,,,,,,,,,,,,,,,,,,
359,mutual fund predictors,0.0769,4,backtranslation_rus_cyrl,0.5,forecast indicators of mutual funds,backtranslation_yue_hant,0.2,Mutual fund forecasts,backtranslation_kor_hang,0.2,Mutual fund forecasts,backtranslation_fra_latn,0.2,forecasters of mutual funds,,,,,,,,,,,,,,,
360,drug legalization benefits,0.3333,0,,,,,,,,,,,,,,,,,,,,,,,,,,,
361,clothing sweatshops,0.5,0,,,,,,,,,,,,,,,,,,,,,,,,,,,
362,human smuggling,0.3333,1,backtranslation_rus_cyrl,0.5,smuggling of people,,,,,,,,,,,,,,,,,,,,,,,,
363,transportation tunnel disasters,0.1667,2,backtranslation_tam_taml,1.0,Traffic subway disasters,backtranslation_kor_hang,0.2,Traffic tunnel crash,,,,,,,,,,,,,,,,,,,,,
364,rabies,1.0,0,,,,,,,,,,,,,,,,,,,,,,,,,,,
365,El Nino,1.0,0,,,,,,,,,,,,,,,,,,,,,,,,,,,
366,commercial cyanide uses,1.0,0,,,,,,,,,,,,,,,,,,,,,,,,,,,
367,piracy,0.25,2,backtranslation_yue_hant,1.0,The act of piracy,backtranslation_kor_hang,1.0,The act of piracy,,,,,,,,,,,,,,,,,,,,,
368,in vitro fertilization,1.0,0,,,,,,,,,,,,,,,,,,,,,,,,,,,
369,anorexia nervosa bulimia,1.0,0,,,,,,,,,,,,,,,,,,,,,,,,,,,
370,food/drug laws,0.0714,1,backtranslation_pes_arab,0.5,Food and Drug regulations,,,,,,,,,,,,,,,,,,,,,,,,
371,health insurance holistic,0.0079,7,backtranslation_pes_arab,1.0,Health insurance coverage,backtranslation_swh_latn,0.0588,general health insurance,backtranslation_yue_hant,0.0156,Health insurance as a whole,backtranslation_kor_hang,0.0156,The whole health insurance,backtranslation_deu_latn,0.0105,State health insurance,backtranslation_arb_arab,0.0098,Health insurance,backtranslation_rus_cyrl,0.0098,health insurance,,,,,,
372,Native American casino,1.0,0,,,,,,,,,,,,,,,,,,,,,,,,,,,
373,encryption equipment export,1.0,0,,,,,,,,,,,,,,,,,,,,,,,,,,,
374,Nobel prize winners,1.0,0,,,,,,,,,,,,,,,,,,,,,,,,,,,
375,hydrogen energy,0.5,0,,,,,,,,,,,,,,,,,,,,,,,,,,,
376,World Court,0.3333,0,,,,,,,,,,,,,,,,,,,,,,,,,,,
377,cigar smoking,1.0,0,,,,,,,,,,,,,,,,,,,,,,,,,,,
378,euro opposition,0.0256,3,backtranslation_arb_arab,0.125,Opposition to the European Union,backtranslation_kor_hang,0.0435,The Euro against,backtranslation_zsm_latn,0.0435,against the euro,,,,,,,,,,,,,,,,,,
379,mainstreaming,0.3333,0,,,,,,,,,,,,,,,,,,,,,,,,,,,
380,obesity medical treatment,0.5,2,backtranslation_yue_hant,1.0,Obesity treatment,backtranslation_tam_taml,1.0,Obesity is a medical condition,,,,,,,,,,,,,,,,,,,,,
381,alternative medicine,1.0,0,,,,,,,,,,,,,,,,,,,,,,,,,,,
382,hydrogen fuel automobiles,1.0,0,,,,,,,,,,,,,,,,,,,,,,,,,,,
383,mental illness drugs,0.3333,1,backtranslation_yue_hant,1.0,Psychiatric drugs,,,,,,,,,,,,,,,,,,,,,,,,
384,space station moon,0.5,0,,,,,,,,,,,,,,,,,,,,,,,,,,,
385,hybrid fuel cars,1.0,0,,,,,,,,,,,,,,,,,,,,,,,,,,,
386,teaching disabled children,0.25,1,backtranslation_pes_arab,0.3333,Education of handicapped children,,,,,,,,,,,,,,,,,,,,,,,,
387,radioactive waste,0.5,0,,,,,,,,,,,,,,,,,,,,,,,,,,,
388,organic soil enhancement,0.0769,9,backtranslation_yue_hant,1.0,Organic soil is growing,backtranslation_tam_taml,1.0,Organic Soil Development,backtranslation_pes_arab,0.5,Increased organic soil,backtranslation_deu_latn,0.5,organic soil extraction,backtranslation_zsm_latn,0.5,organic soil increase,backtranslation_fra_latn,0.25,organic improvement of soil,backtranslation_rus_cyrl,0.25,organic improvement of soil,backtranslation_swh_latn,0.25,strengthening organic soil,backtranslation_arb_arab,0.1667,Organic soil reinforcement
389,illegal technology transfer,1.0,0,,,,,,,,,,,,,,,,,,,,,,,,,,,
390,orphan drugs,1.0,0,,,,,,,,,,,,,,,,,,,,,,,,,,,
391,R&D drug prices,1.0,0,,,,,,,,,,,,,,,,,,,,,,,,,,,
392,robotics,1.0,0,,,,,,,,,,,,,,,,,,,,,,,,,,,
393,mercy killing,1.0,0,,,,,,,,,,,,,,,,,,,,,,,,,,,
394,home schooling,0.2,1,backtranslation_yue_hant,0.5,Family education,,,,,,,,,,,,,,,,,,,,,,,,
395,tourism,0.2,0,,,,,,,,,,,,,,,,,,,,,,,,,,,
396,sick building syndrome,1.0,0,,,,,,,,,,,,,,,,,,,,,,,,,,,
397,automobile recalls,0.1429,1,backtranslation_tam_taml,0.5,Vehicle recall,,,,,,,,,,,,,,,,,,,,,,,,
398,dismantling Europe's arsenal,0.3333,2,backtranslation_yue_hant,1.0,To destroy the European arsenal,backtranslation_tam_taml,1.0,The European arsenal was destroyed,,,,,,,,,,,,,,,,,,,,,
399,oceanographic vessels,0.5,3,backtranslation_pes_arab,1.0,Oceanographic ships,backtranslation_rus_cyrl,1.0,oceanographic ships,backtranslation_zsm_latn,1.0,oceanographic ships,,,,,,,,,,,,,,,,,,
400,Amazon rain forest,1.0,0,,,,,,,,,,,,,,,,,,,,,,,,,,,
401,"foreign minorities, Germany",1.0,0,,,,,,,,,,,,,,,,,,,,,,,,,,,
402,behavioral genetics,1.0,0,,,,,,,,,,,,,,,,,,,,,,,,,,,
403,osteoporosis,1.0,0,,,,,,,,,,,,,,,,,,,,,,,,,,,
404,"Ireland, peace talks",0.2,6,backtranslation_yue_hant,0.3333,Ireland  peace negotiations,backtranslation_kor_hang,0.3333,Ireland  peace negotiations,backtranslation_pes_arab,0.3333,Ireland  peace negotiations,backtranslation_fra_latn,0.3333,Ireland  peace negotiations,backtranslation_rus_cyrl,0.3333,Ireland  peace negotiations,backtranslation_zsm_latn,0.3333,Ireland  peace negotiations,,,,,,,,,
405,cosmic events,0.2,0,,,,,,,,,,,,,,,,,,,,,,,,,,,
406,Parkinson's disease,1.0,0,,,,,,,,,,,,,,,,,,,,,,,,,,,
407,"poaching, wildlife preserves",1.0,0,,,,,,,,,,,,,,,,,,,,,,,,,,,
408,tropical storms,1.0,0,,,,,,,,,,,,,,,,,,,,,,,,,,,
409,"legal, Pan Am, 103",1.0,0,,,,,,,,,,,,,,,,,,,,,,,,,,,
410,Schengen agreement,1.0,0,,,,,,,,,,,,,,,,,,,,,,,,,,,
411,"salvaging, shipwreck, treasure",1.0,0,,,,,,,,,,,,,,,,,,,,,,,,,,,
412,airport security,1.0,0,,,,,,,,,,,,,,,,,,,,,,,,,,,
413,steel production,0.1667,4,backtranslation_rus_cyrl,1.0,Steel manufacturing,backtranslation_zsm_latn,1.0,Manufacture of steel,backtranslation_kor_hang,0.25,Production of iron and steel,backtranslation_swh_latn,0.25,iron production,,,,,,,,,,,,,,,
414,"Cuba, sugar, exports",1.0,0,,,,,,,,,,,,,,,,,,,,,,,,,,,
415,"drugs, Golden Triangle",1.0,0,,,,,,,,,,,,,,,,,,,,,,,,,,,
416,Three Gorges Project,1.0,0,,,,,,,,,,,,,,,,,,,,,,,,,,,
417,creativity,1.0,0,,,,,,,,,,,,,,,,,,,,,,,,,,,
418,"quilts, income",1.0,0,,,,,,,,,,,,,,,,,,,,,,,,,,,
419,"recycle, automobile tires",0.3333,8,backtranslation_kor_hang,1.0,Recycling  car tires,backtranslation_arb_arab,1.0,Recycling  car tires,backtranslation_pes_arab,1.0,Recycling  car tires,backtranslation_fra_latn,1.0,recycling tyres  automotive tyres,backtranslation_deu_latn,1.0,Recycling  vehicle tyres,backtranslation_zsm_latn,1.0,Recycling  car tires,backtranslation_swh_latn,1.0,Recycling  car tires,backtranslation_rus_cyrl,0.5,recycling  automotive tires,,,
420,carbon monoxide poisoning,1.0,0,,,,,,,,,,,,,,,,,,,,,,,,,,,
421,industrial waste disposal,0.0435,2,backtranslation_yue_hant,0.5,Industrial waste management,backtranslation_zsm_latn,0.5,Industrial waste,,,,,,,,,,,,,,,,,,,,,
422,"art, stolen, forged",0.5,2,backtranslation_arb_arab,1.0,Art  theft  faking,backtranslation_swh_latn,1.0,art  theft  faking,,,,,,,,,,,,,,,,,,,,,
423,"Milosevic, Mirjana Markovic",1.0,0,,,,,,,,,,,,,,,,,,,,,,,,,,,
424,suicides,0.1,0,,,,,,,,,,,,,,,,,,,,,,,,,,,
425,counterfeiting money,1.0,0,,,,,,,,,,,,,,,,,,,,,,,,,,,
426,"law enforcement, dogs",0.25,4,backtranslation_fra_latn,1.0,The police  the dogs,backtranslation_deu_latn,1.0,Law enforcement agencies  dogs,backtranslation_rus_cyrl,1.0,law enforcement agencies  dogs,backtranslation_swh_latn,1.0,police  dogs,,,,,,,,,,,,,,,
427,"UV damage, eyes",1.0,0,,,,,,,,,,,,,,,,,,,,,,,,,,,
428,declining birth rates,1.0,0,,,,,,,,,,,,,,,,,,,,,,,,,,,
429,Legionnaires' disease,1.0,0,,,,,,,,,,,,,,,,,,,,,,,,,,,
430,killer bee attacks,1.0,0,,,,,,,,,,,,,,,,,,,,,,,,,,,
431,robotic technology,1.0,0,,,,,,,,,,,,,,,,,,,,,,,,,,,
432,"profiling, motorists, police",0.0192,0,,,,,,,,,,,,,,,,,,,,,,,,,,,
433,"Greek, philosophy, stoicism",0.3333,1,backtranslation_rus_cyrl,0.5,Greece  philosophy  stoicism,,,,,,,,,,,,,,,,,,,,,,,,
434,"Estonia, economy",1.0,0,,,,,,,,,,,,,,,,,,,,,,,,,,,
435,curbing population growth,0.25,5,backtranslation_pes_arab,1.0,Decreasing population growth,backtranslation_rus_cyrl,1.0,population growth,backtranslation_tam_taml,1.0,Controlling population growth,backtranslation_swh_latn,1.0,preventing population growth,backtranslation_kor_hang,0.5,The population growth is contained,,,,,,,,,,,,
436,railway accidents,0.5,7,backtranslation_yue_hant,1.0,A railroad accident,backtranslation_kor_hang,1.0,The train crash,backtranslation_arb_arab,1.0,Railroad accidents,backtranslation_pes_arab,1.0,Railroad accidents,backtranslation_rus_cyrl,1.0,railroad accidents,backtranslation_zsm_latn,1.0,train crash,backtranslation_tam_taml,1.0,Train accidents,,,,,,
437,"deregulation, gas, electric",0.0909,2,backtranslation_arb_arab,0.5,The organization  the gas  the electricity,backtranslation_rus_cyrl,0.5,De regulation  gas  electricity,,,,,,,,,,,,,,,,,,,,,
438,"tourism, increase",0.25,4,backtranslation_kor_hang,1.0,Tourism  growth,backtranslation_deu_latn,1.0,Tourism  growth,backtranslation_rus_cyrl,1.0,Tourism  growth,backtranslation_swh_latn,1.0,Tourism  growth,,,,,,,,,,,,,,,
439,"inventions, scientific discoveries",1.0,0,,,,,,,,,,,,,,,,,,,,,,,,,,,
440,child labor,1.0,0,,,,,,,,,,,,,,,,,,,,,,,,,,,
441,Lyme disease,1.0,0,,,,,,,,,,,,,,,,,,,,,,,,,,,
442,heroic acts,0.0769,5,backtranslation_deu_latn,0.5,Heroic Deeds,backtranslation_arb_arab,0.2,The heroic business,backtranslation_rus_cyrl,0.2,heroic actions,backtranslation_tam_taml,0.1429,courageous acts,backtranslation_swh_latn,0.1429,courageous acts,,,,,,,,,,,,
443,"U.S., investment, Africa",1.0,0,,,,,,,,,,,,,,,,,,,,,,,,,,,
444,supercritical fluids,1.0,0,,,,,,,,,,,,,,,,,,,,,,,,,,,
445,women clergy,1.0,0,,,,,,,,,,,,,,,,,,,,,,,,,,,
446,"tourists, violence",1.0,0,,,,,,,,,,,,,,,,,,,,,,,,,,,
447,Stirling engine,0.3333,3,backtranslation_zsm_latn,1.0,The Stirling machine,backtranslation_tam_taml,1.0,Stirling machine,backtranslation_swh_latn,1.0,The Stirling Machine,,,,,,,,,,,,,,,,,,
448,ship losses,0.5,0,,,,,,,,,,,,,,,,,,,,,,,,,,,
449,antibiotics ineffectiveness,0.25,4,backtranslation_kor_hang,0.5,Antibiotic effects,backtranslation_pes_arab,0.5,The lack of antibiotics,backtranslation_deu_latn,0.5,Effectiveness of antibiotics,backtranslation_zsm_latn,0.5,Antibiotics are not effective,,,,,,,,,,,,,,,
450,"King Hussein, peace",1.0,0,,,,,,,,,,,,,,,,,,,,,,,,,,,
601,Turkey Iraq water,1.0,0,,,,,,,,,,,,,,,,,,,,,,,,,,,
602,"Czech, Slovak sovereignty",0.5,1,backtranslation_tam_taml,1.0,The Czech and Slovak Autonomy,,,,,,,,,,,,,,,,,,,,,,,,
603,Tobacco cigarette lawsuit,0.3333,7,backtranslation_kor_hang,1.0,The tobacco lawsuit,backtranslation_pes_arab,1.0,The smoking suit,backtranslation_fra_latn,1.0,The case against tobacco,backtranslation_rus_cyrl,1.0,The trial of tobacco cigarettes,backtranslation_zsm_latn,1.0,Trial of Tobacco,backtranslation_tam_taml,1.0,tobacco cigarette case,backtranslation_swh_latn,1.0,The case of tobacco,,,,,,
604,Lyme disease arthritis,1.0,0,,,,,,,,,,,,,,,,,,,,,,,,,,,
605,Great Britain health care,0.0833,4,backtranslation_arb_arab,1.0,Healthcare in Great Britain,backtranslation_fra_latn,0.5,Health in Britain,backtranslation_tam_taml,0.5,UK Health Service,backtranslation_zsm_latn,0.3333,British health services,,,,,,,,,,,,,,,
606,leg traps ban,1.0,0,,,,,,,,,,,,,,,,,,,,,,,,,,,
607,human genetic code,0.5,1,backtranslation_rus_cyrl,1.0,The genetic code of a person,,,,,,,,,,,,,,,,,,,,,,,,
608,taxing social security,0.2,0,,,,,,,,,,,,,,,,,,,,,,,,,,,
609,per capita alcohol consumption,1.0,0,,,,,,,,,,,,,,,,,,,,,,,,,,,
610,minimum wage adverse impact,0.0385,9,backtranslation_kor_hang,0.5,The negative impact on the minimum wage,backtranslation_arb_arab,0.5,The negative impact on the minimum wage,backtranslation_pes_arab,0.5,The negative impact on the minimum wage,backtranslation_fra_latn,0.5,the negative impact of the minimum wage,backtranslation_deu_latn,0.5,Negative impact on the minimum wage,backtranslation_rus_cyrl,0.5,negative impact of minimum wage,backtranslation_tam_taml,0.5,The negative impact of the minimum wage,backtranslation_yue_hant,0.2,The minimum wage is negative,backtranslation_zsm_latn,0.0435,negative effects on the minimum wage
611,Kurds Germany violence,0.3333,5,backtranslation_kor_hang,1.0,Kurdish Germany violence,backtranslation_fra_latn,1.0,Kurdish Germany violence,backtranslation_deu_latn,1.0,Kurdish Germany Violence,backtranslation_rus_cyrl,1.0,Germany s Kurds are violent,backtranslation_tam_taml,1.0,Kurdish Germany Violence,,,,,,,,,,,,
612,Tibet protesters,1.0,0,,,,,,,,,,,,,,,,,,,,,,,,,,,
613,Berlin wall disposal,1.0,0,,,,,,,,,,,,,,,,,,,,,,,,,,,
614,Flavr Savr tomato,1.0,0,,,,,,,,,,,,,,,,,,,,,,,,,,,
615,timber exports Asia,0.25,0,,,,,,,,,,,,,,,,,,,,,,,,,,,
616,Volkswagen Mexico,1.0,0,,,,,,,,,,,,,,,,,,,,,,,,,,,
617,Russia Cuba economy,0.5,3,backtranslation_kor_hang,1.0,The Russian economy of Cuba,backtranslation_fra_latn,1.0,Russia Cuban economy,backtranslation_zsm_latn,1.0,The Russian economy Cuba,,,,,,,,,,,,,,,,,,
618,Ayatollah Khomeini death,0.1111,3,backtranslation_arb_arab,0.2,The death of the goddess Khomeini,backtranslation_yue_hant,0.1667,Ayatollah Khomeini is dead,backtranslation_zsm_latn,0.1667,Ayatollah Khomeini is dead,,,,,,,,,,,,,,,,,,
619,Winnie Mandela scandal,1.0,0,,,,,,,,,,,,,,,,,,,,,,,,,,,
620,France nuclear testing,0.25,0,,,,,,,,,,,,,,,,,,,,,,,,,,,
621,women ordained Church of England,1.0,0,,,,,,,,,,,,,,,,,,,,,,,,,,,
622,price fixing,0.25,1,backtranslation_kor_hang,0.5,Price decision,,,,,,,,,,,,,,,,,,,,,,,,
623,toxic chemical weapon,1.0,0,,,,,,,,,,,,,,,,,,,,,,,,,,,
624,SDI Star Wars,1.0,0,,,,,,,,,,,,,,,,,,,,,,,,,,,
625,arrests bombing WTC,0.25,5,backtranslation_deu_latn,1.0,Arrested in the bombing of the World Trade Center,backtranslation_fra_latn,0.5,Stop the bombing of the WTC,backtranslation_zsm_latn,0.5,The WTC bombing,backtranslation_rus_cyrl,0.3333,The arrest of the WTC explosion,backtranslation_tam_taml,0.3333,Arrested for carrying out bombing of the WTC,,,,,,,,,,,,
626,human stampede,0.25,0,,,,,,,,,,,,,,,,,,,,,,,,,,,
627,Russian food crisis,0.0417,0,,,,,,,,,,,,,,,,,,,,,,,,,,,
628,U.S. invasion of Panama,1.0,0,,,,,,,,,,,,,,,,,,,,,,,,,,,
629,abortion clinic attack,0.5,0,,,,,,,,,,,,,,,,,,,,,,,,,,,
630,Gulf War Syndrome,1.0,0,,,,,,,,,,,,,,,,,,,,,,,,,,,
631,Mandela South Africa President,0.1429,0,,,,,,,,,,,,,,,,,,,,,,,,,,,
632,southeast Asia tin mining,1.0,0,,,,,,,,,,,,,,,,,,,,,,,,,,,
633,Welsh devolution,1.0,0,,,,,,,,,,,,,,,,,,,,,,,,,,,
634,L-tryptophan deaths,1.0,0,,,,,,,,,,,,,,,,,,,,,,,,,,,
635,doctor assisted suicides,1.0,0,,,,,,,,,,,,,,,,,,,,,,,,,,,
636,jury duty exemptions,1.0,0,,,,,,,,,,,,,,,,,,,,,,,,,,,
637,human growth hormone (HGH),1.0,0,,,,,,,,,,,,,,,,,,,,,,,,,,,
638,wrongful convictions,0.5,0,,,,,,,,,,,,,,,,,,,,,,,,,,,
639,consumer on-line shopping,1.0,0,,,,,,,,,,,,,,,,,,,,,,,,,,,
640,maternity leave policies,1.0,0,,,,,,,,,,,,,,,,,,,,,,,,,,,
641,Valdez wildlife marine life,0.3333,5,backtranslation_rus_cyrl,1.0,The wild nature of Valdez,backtranslation_swh_latn,1.0,The marine mammals of Valdez,backtranslation_fra_latn,0.5,Wildlife in Valdez,backtranslation_deu_latn,0.5,Wildlife of Valdez,backtranslation_zsm_latn,0.5,The wildlife of Valdez,,,,,,,,,,,,
642,Tiananmen Square protesters,0.5,1,backtranslation_yue_hant,1.0,Demonstrators at the Tiananmen Square,,,,,,,,,,,,,,,,,,,,,,,,
643,salmon dams Pacific northwest,0.5,0,,,,,,,,,,,,,,,,,,,,,,,,,,,
644,exotic animals import,1.0,0,,,,,,,,,,,,,,,,,,,,,,,,,,,
645,software piracy,1.0,0,,,,,,,,,,,,,,,,,,,,,,,,,,,
646,food stamps increase,0.25,0,,,,,,,,,,,,,,,,,,,,,,,,,,,
647,windmill electricity,1.0,0,,,,,,,,,,,,,,,,,,,,,,,,,,,
648,family leave law,0.5,3,backtranslation_kor_hang,1.0,Family leave,backtranslation_fra_latn,1.0,right to family leave,backtranslation_deu_latn,1.0,Family leave,,,,,,,,,,,,,,,,,,
649,computer viruses,1.0,0,,,,,,,,,,,,,,,,,,,,,,,,,,,
650,tax evasion indicted,0.125,6,backtranslation_kor_hang,0.5,Charged with tax evasion,backtranslation_arb_arab,0.5,Charges of tax evasion,backtranslation_fra_latn,0.5,charge of tax evasion,backtranslation_deu_latn,0.5,Charged with tax evasion,backtranslation_swh_latn,0.5,tax evasion charges,backtranslation_zsm_latn,0.1429,tax evasion,,,,,,,,,
651,U.S. ethnic population,0.3333,6,backtranslation_arb_arab,0.5,The ethnic population in the United States,backtranslation_pes_arab,0.5,Ethnic population of the United States,backtranslation_fra_latn,0.5,Ethnic population of the United States,backtranslation_rus_cyrl,0.5,Ethnic population of the United States,backtranslation_zsm_latn,0.5,Ethnic population of the United States,backtranslation_tam_taml,0.5,Ethnic population of the United States,,,,,,,,,
652,OIC Balkans 1990s,1.0,0,,,,,,,,,,,,,,,,,,,,,,,,,,,
653,ETA Basque terrorism,0.5,2,backtranslation_yue_hant,1.0,Basque terrorist ETA,backtranslation_rus_cyrl,1.0,This is Basque terrorism,,,,,,,,,,,,,,,,,,,,,
654,same-sex schools,1.0,0,,,,,,,,,,,,,,,,,,,,,,,,,,,
655,ADD diagnosis treatment,0.005,1,backtranslation_rus_cyrl,1.0,Treatment of the diagnosis of ADHD,,,,,,,,,,,,,,,,,,,,,,,,
656,lead poisoning children,1.0,0,,,,,,,,,,,,,,,,,,,,,,,,,,,
657,school prayer banned,1.0,0,,,,,,,,,,,,,,,,,,,,,,,,,,,
658,teenage pregnancy,0.5,0,,,,,,,,,,,,,,,,,,,,,,,,,,,
659,cruise health safety,1.0,0,,,,,,,,,,,,,,,,,,,,,,,,,,,
660,whale watching California,1.0,0,,,,,,,,,,,,,,,,,,,,,,,,,,,
661,melanoma treatment causes,1.0,0,,,,,,,,,,,,,,,,,,,,,,,,,,,
662,telemarketer protection,1.0,0,,,,,,,,,,,,,,,,,,,,,,,,,,,
663,Agent Orange exposure,1.0,0,,,,,,,,,,,,,,,,,,,,,,,,,,,
664,American Indian Museum,0.5,0,,,,,,,,,,,,,,,,,,,,,,,,,,,
665,poverty Africa sub-Sahara,1.0,0,,,,,,,,,,,,,,,,,,,,,,,,,,,
666,Thatcher resignation impact,0.0208,0,,,,,,,,,,,,,,,,,,,,,,,,,,,
667,unmarried-partner households,1.0,0,,,,,,,,,,,,,,,,,,,,,,,,,,,
668,"poverty, disease",1.0,0,,,,,,,,,,,,,,,,,,,,,,,,,,,
669,Islamic Revolution,1.0,0,,,,,,,,,,,,,,,,,,,,,,,,,,,
670,U.S. elections apathy,0.5,1,backtranslation_zsm_latn,1.0,Apathy in the US election,,,,,,,,,,,,,,,,,,,,,,,,
671,Salvation Army benefits,1.0,0,,,,,,,,,,,,,,,,,,,,,,,,,,,
672,NRA membership profile,,0,,,,,,,,,,,,,,,,,,,,,,,,,,,
673,Soviet withdrawal Afghanistan,1.0,0,,,,,,,,,,,,,,,,,,,,,,,,,,,
674,Greenpeace prosecuted,0.1429,6,backtranslation_arb_arab,1.0,The Greenpeace trial,backtranslation_pes_arab,1.0,The Greenpeace trial,backtranslation_swh_latn,1.0,Greenpeace is charged,backtranslation_kor_hang,0.3333,The Greenpeace case,backtranslation_rus_cyrl,0.3333,The Greenpeace persecution,backtranslation_zsm_latn,0.25,Greenpeace is accused,,,,,,,,,
675,Olympics training swimming,1.0,0,,,,,,,,,,,,,,,,,,,,,,,,,,,
676,poppy cultivation,1.0,0,,,,,,,,,,,,,,,,,,,,,,,,,,,
677,Leaning Tower of Pisa,1.0,0,,,,,,,,,,,,,,,,,,,,,,,,,,,
678,joint custody impact,1.0,0,,,,,,,,,,,,,,,,,,,,,,,,,,,
679,opening adoption records,1.0,0,,,,,,,,,,,,,,,,,,,,,,,,,,,
680,immigrants Spanish school,0.3333,1,backtranslation_yue_hant,0.5,Immigrant Spanish College,,,,,,,,,,,,,,,,,,,,,,,,
681,wind power location,0.5,1,backtranslation_swh_latn,1.0,wind energy area,,,,,,,,,,,,,,,,,,,,,,,,
682,adult immigrants English,1.0,0,,,,,,,,,,,,,,,,,,,,,,,,,,,
683,Czechoslovakia breakup,1.0,0,,,,,,,,,,,,,,,,,,,,,,,,,,,
684,part-time benefits,1.0,0,,,,,,,,,,,,,,,,,,,,,,,,,,,
685,Oscar winner selection,1.0,0,,,,,,,,,,,,,,,,,,,,,,,,,,,
686,Argentina pegging dollar,0.3333,1,backtranslation_zsm_latn,1.0,Argentine pegged dollar,,,,,,,,,,,,,,,,,,,,,,,,
687,Northern Ireland industry,1.0,0,,,,,,,,,,,,,,,,,,,,,,,,,,,
688,non-U.S. media bias,0.2,3,backtranslation_deu_latn,1.0,Non American media distortion,backtranslation_rus_cyrl,1.0,The un American media bias,backtranslation_pes_arab,0.25,Non American media bias,,,,,,,,,,,,,,,,,,
689,family-planning aid,0.2,0,,,,,,,,,,,,,,,,,,,,,,,,,,,
690,college education advantage,0.0133,6,backtranslation_rus_cyrl,0.0526,The advantages of higher education,backtranslation_arb_arab,0.027,The advantage of university education,backtranslation_kor_hang,0.0238,The benefits of college education,backtranslation_tam_taml,0.0238,The benefits of college education,backtranslation_fra_latn,0.0169,The benefits of higher education,backtranslation_deu_latn,0.0169,The benefits of higher education,,,,,,,,,
691,clear-cutting forests,1.0,0,,,,,,,,,,,,,,,,,,,,,,,,,,,
692,prostate cancer detection treatment,0.5,8,backtranslation_kor_hang,1.0,Treatment for prostate cancer,backtranslation_arb_arab,1.0,The cure for prostate cancer,backtranslation_pes_arab,1.0,Treatment for prostate cancer,backtranslation_fra_latn,1.0,treatment for prostate cancer,backtranslation_rus_cyrl,1.0,treatment of prostate cancer,backtranslation_zsm_latn,1.0,treatment for prostate cancer,backtranslation_tam_taml,1.0,The treatment for prostate cancer,backtranslation_swh_latn,1.0,treatment for prostate cancer,,,
693,newspapers electronic media,0.5,0,,,,,,,,,,,,,,,,,,,,,,,,,,,
694,compost pile,1.0,0,,,,,,,,,,,,,,,,,,,,,,,,,,,
695,white collar crime sentence,1.0,0,,,,,,,,,,,,,,,,,,,,,,,,,,,
696,safety plastic surgery,1.0,0,,,,,,,,,,,,,,,,,,,,,,,,,,,
697,air traffic controller,0.3333,0,,,,,,,,,,,,,,,,,,,,,,,,,,,
698,literacy rates Africa,1.0,0,,,,,,,,,,,,,,,,,,,,,,,,,,,
699,term limits,0.5,7,backtranslation_kor_hang,1.0,The time limit,backtranslation_arb_arab,1.0,The time limit,backtranslation_pes_arab,1.0,The time limit,backtranslation_rus_cyrl,1.0,The time limit,backtranslation_zsm_latn,1.0,Limit of time,backtranslation_tam_taml,1.0,time limits,backtranslation_swh_latn,1.0,time limits,,,,,,
700,gasoline tax U.S.,0.5,1,backtranslation_kor_hang,1.0,Gasoline tax,,,,,,,,,,,,,,,,,,,,,,,,
