qid,abstractqueryexpansion,abstractqueryexpansion.bm25.map,star_model_count,method.1,metric.1,query.1,method.2,metric.2,query.2,method.3,metric.3,query.3,method.4,metric.4,query.4,method.5,metric.5,query.5,method.6,metric.6,query.6,method.7,metric.7,query.7,method.8,metric.8,query.8,method.9,metric.9,query.9,method.10,metric.10,query.10
301,International Organized Crime,0.0335,0,,,,,,,,,,,,,,,,,,,,,,,,,,,,,,
302,Poliomyelitis and Post-Polio,0.5704,0,,,,,,,,,,,,,,,,,,,,,,,,,,,,,,
303,Hubble Telescope Achievements,0.1812,1,backtranslation_yue_hant,0.1919,The Hubble Telescope has achieved this,,,,,,,,,,,,,,,,,,,,,,,,,,,
304,Endangered Species (Mammals),0.1361,1,backtranslation_swh_latn,0.1427,Endangered Species  Animals,,,,,,,,,,,,,,,,,,,,,,,,,,,
305,Most Dangerous Vehicles,0.0016,3,backtranslation_yue_hant,0.0023,The most dangerous car,backtranslation_swh_latn,0.0023,The Most Dangerous Cars,backtranslation_arb_arab,0.0022,More dangerous cars,,,,,,,,,,,,,,,,,,,,,
306,African Civilian Deaths,0.1196,0,,,,,,,,,,,,,,,,,,,,,,,,,,,,,,
307,New Hydroelectric Projects,0.2849,0,,,,,,,,,,,,,,,,,,,,,,,,,,,,,,
308,Implant Dentistry,0.2914,3,backtranslation_deu_latn,0.5028,Implant teeth,backtranslation_yue_hant,0.5017,Dental implants,backtranslation_pes_arab,0.5017,Dental implant,,,,,,,,,,,,,,,,,,,,,
309,Rap and Crime,0.0011,0,,,,,,,,,,,,,,,,,,,,,,,,,,,,,,
310,Radio Waves and Brain Cancer,0.144,0,,,,,,,,,,,,,,,,,,,,,,,,,,,,,,
311,Industrial Espionage,0.4382,0,,,,,,,,,,,,,,,,,,,,,,,,,,,,,,
312,Hydroponics,0.8626,0,,,,,,,,,,,,,,,,,,,,,,,,,,,,,,
313,Magnetic Levitation-Maglev,0.7595,0,,,,,,,,,,,,,,,,,,,,,,,,,,,,,,
314,Marine Vegetation,0.0028,8,backtranslation_yue_hant,0.1999,The seaweed,backtranslation_pes_arab,0.1999,Seaweed,backtranslation_rus_cyrl,0.0263,Sea vegetation,backtranslation_arb_arab,0.024,Marine plants,backtranslation_deu_latn,0.0224,Sea farming,backtranslation_kor_hang,0.0039,Sea plants,backtranslation_zsm_latn,0.0039,Sea plants,backtranslation_tam_taml,0.0039,Sea plants,,,,,,
315,Unexplained Highway Accidents,0.0298,0,,,,,,,,,,,,,,,,,,,,,,,,,,,,,,
316,Polygamy Polyandry Polygyny,0.5865,5,backtranslation_yue_hant,0.6569,Polygamy is polygamy,backtranslation_fra_latn,0.6569,Polygamy and polygamy,backtranslation_deu_latn,0.6569,Polygamy and polygamy,backtranslation_rus_cyrl,0.6569,Polygamy of Polyandria Polygania,backtranslation_zsm_latn,0.6569,Polygamy Polygamy,,,,,,,,,,,,,,,
317,Unsolicited Faxes,0.5142,0,,,,,,,,,,,,,,,,,,,,,,,,,,,,,,
318,Best Retirement Country,0.0079,0,,,,,,,,,,,,,,,,,,,,,,,,,,,,,,
319,New Fuel Sources,0.0932,0,,,,,,,,,,,,,,,,,,,,,,,,,,,,,,
320,Undersea Fiber Optic Cable,0.0333,4,backtranslation_fra_latn,0.1015,Submarine fibre optic cable,backtranslation_arb_arab,0.0485,Sea fiber cable underwater,backtranslation_zsm_latn,0.0439,Underwater fiber optic cables,backtranslation_deu_latn,0.0359,Subsea optical cables,,,,,,,,,,,,,,,,,,
321,Women in Parliaments,0.2835,0,,,,,,,,,,,,,,,,,,,,,,,,,,,,,,
322,International Art Crime,0.0022,0,,,,,,,,,,,,,,,,,,,,,,,,,,,,,,
323,Literary/Journalistic Plagiarism,0.1988,1,backtranslation_zsm_latn,0.2779,Literary plagiarism,,,,,,,,,,,,,,,,,,,,,,,,,,,
324,Argentine/British Relations,0.4664,0,,,,,,,,,,,,,,,,,,,,,,,,,,,,,,
325,Cult Lifestyles,0.0749,0,,,,,,,,,,,,,,,,,,,,,,,,,,,,,,
326,Ferry Sinkings,0.6135,0,,,,,,,,,,,,,,,,,,,,,,,,,,,,,,
327,Modern Slavery,0.1216,0,,,,,,,,,,,,,,,,,,,,,,,,,,,,,,
328,Pope Beatifications,0.6552,0,,,,,,,,,,,,,,,,,,,,,,,,,,,,,,
329,Mexican Air Pollution,0.268,8,backtranslation_yue_hant,0.3455,Air pollution in Mexico,backtranslation_kor_hang,0.3455,Air Pollution in Mexico,backtranslation_pes_arab,0.3455,Air pollution in Mexico,backtranslation_fra_latn,0.3455,Air pollution in Mexico,backtranslation_deu_latn,0.3455,Air pollution in Mexico,backtranslation_rus_cyrl,0.3455,Air pollution in Mexico,backtranslation_zsm_latn,0.3455,Air Pollution in Mexico,backtranslation_swh_latn,0.3455,Air Pollution in Mexico,,,,,,
330,Iran-Iraq Cooperation,0.0956,0,,,,,,,,,,,,,,,,,,,,,,,,,,,,,,
331,World Bank Criticism,0.2462,0,,,,,,,,,,,,,,,,,,,,,,,,,,,,,,
332,Income Tax Evasion,0.1219,3,backtranslation_arb_arab,0.1386,Tax evasion,backtranslation_pes_arab,0.1386,Tax evasion,backtranslation_fra_latn,0.1386,Tax evasion,,,,,,,,,,,,,,,,,,,,,
333,Antibiotics Bacteria Disease,0.2798,1,backtranslation_fra_latn,0.2921,Antibiotics for bacteria,,,,,,,,,,,,,,,,,,,,,,,,,,,
334,Export Controls Cryptography,0.1111,2,backtranslation_tam_taml,0.5976,Encryption of export controls,backtranslation_yue_hant,0.1852,Export controls  passwords,,,,,,,,,,,,,,,,,,,,,,,,
335,Adoptive Biological Parents,0.3128,0,,,,,,,,,,,,,,,,,,,,,,,,,,,,,,
336,Black Bear Attacks,0.0459,0,,,,,,,,,,,,,,,,,,,,,,,,,,,,,,
337,Viral Hepatitis,0.2965,0,,,,,,,,,,,,,,,,,,,,,,,,,,,,,,
338,Risk of Aspirin,0.4212,0,,,,,,,,,,,,,,,,,,,,,,,,,,,,,,
339,Alzheimer's Drug Treatment,0.2328,0,,,,,,,,,,,,,,,,,,,,,,,,,,,,,,
340,Land Mine Ban,0.0993,2,backtranslation_deu_latn,0.1159,Prohibition of landmines,backtranslation_tam_taml,0.1011,Mining ban,,,,,,,,,,,,,,,,,,,,,,,,
341,Airport Security,0.2754,0,,,,,,,,,,,,,,,,,,,,,,,,,,,,,,
342,Diplomatic Expulsion,0.1331,0,,,,,,,,,,,,,,,,,,,,,,,,,,,,,,
343,Police Deaths,0.0118,1,backtranslation_swh_latn,0.0313,The Death of a Police Officer,,,,,,,,,,,,,,,,,,,,,,,,,,,
344,Abuses of E-Mail,0.1513,4,backtranslation_zsm_latn,0.3126,Breach of e mail,backtranslation_tam_taml,0.162,The use of e mail is misused,backtranslation_deu_latn,0.1552,Misuse of e mail,backtranslation_swh_latn,0.1552,Misuse of E mail,,,,,,,,,,,,,,,,,,
345,Overseas Tobacco Sales,0.1139,5,backtranslation_arb_arab,0.1247,Tobacco sales outside,backtranslation_fra_latn,0.1194,Tobacco sales abroad,backtranslation_rus_cyrl,0.1194,The sale of tobacco abroad,backtranslation_zsm_latn,0.1194,Tobacco sales abroad,backtranslation_tam_taml,0.1194,The sale of tobacco abroad,,,,,,,,,,,,,,,
346,Educational Standards,0.0916,0,,,,,,,,,,,,,,,,,,,,,,,,,,,,,,
347,Wildlife Extinction,0.1688,1,backtranslation_yue_hant,0.1714,Wildlife is disappearing,,,,,,,,,,,,,,,,,,,,,,,,,,,
348,Agoraphobia,0.81,0,,,,,,,,,,,,,,,,,,,,,,,,,,,,,,
349,Metabolism,0.184,0,,,,,,,,,,,,,,,,,,,,,,,,,,,,,,
350,Health and Computer Terminals,0.0875,0,,,,,,,,,,,,,,,,,,,,,,,,,,,,,,
351,Falkland petroleum exploration,0.3996,8,backtranslation_arb_arab,0.6481,Exploring oil in the Falkland Islands,backtranslation_deu_latn,0.6481,Oil exploration in the Falkland Islands,backtranslation_rus_cyrl,0.6481,Oil exploration in the Falkland Islands,backtranslation_yue_hant,0.6017,The Falkland oil exploration,backtranslation_pes_arab,0.6017,The Falkland oil exploration,backtranslation_tam_taml,0.6017,The Falkland oil exploration,backtranslation_zsm_latn,0.5627,Confirmation of the Falkland oil,backtranslation_swh_latn,0.5559,The Falkland oil field,,,,,,
352,British Chunnel impact,0.0466,7,backtranslation_zsm_latn,0.2915,The effects of the British tunnel,backtranslation_pes_arab,0.1163,The impact of the British Channel,backtranslation_fra_latn,0.1163,The impact of the British Channel,backtranslation_swh_latn,0.1163,The Impact of the British Channel,backtranslation_arb_arab,0.0582,The influence of the British Channel,backtranslation_deu_latn,0.0582,The influence of the British Channel,backtranslation_rus_cyrl,0.0582,The influence of the British Channel,,,,,,,,,
353,Antarctica exploration,0.2344,7,backtranslation_zsm_latn,0.4316,Confirmation of the Antarctic,backtranslation_swh_latn,0.4135,The Antarctic,backtranslation_yue_hant,0.3449,Exploring the Antarctic,backtranslation_fra_latn,0.3449,Exploration of the Antarctic,backtranslation_rus_cyrl,0.3449,Exploring the Antarctic,backtranslation_tam_taml,0.303,The study of Antarctica,backtranslation_kor_hang,0.2938,The Antarctic Reconnaissance,,,,,,,,,
354,journalist risks,0.0423,0,,,,,,,,,,,,,,,,,,,,,,,,,,,,,,
355,ocean remote sensing,0.1362,0,,,,,,,,,,,,,,,,,,,,,,,,,,,,,,
356,postmenopausal estrogen Britain,0.0063,6,backtranslation_arb_arab,0.0686,Oestrogen after the age of despair Britain,backtranslation_yue_hant,0.0496,The post menopausal estrogen in England,backtranslation_swh_latn,0.0496,Post menopausal estrogen in England,backtranslation_kor_hang,0.0495,After menopause  estrogen in England,backtranslation_tam_taml,0.0483,Estrogen Britain after the end of menopause,backtranslation_pes_arab,0.0104,Estrogen after the British monopoly,,,,,,,,,,,,
357,territorial waters dispute,0.2593,0,,,,,,,,,,,,,,,,,,,,,,,,,,,,,,
358,blood-alcohol fatalities,0.2399,9,backtranslation_deu_latn,0.3539,Blood alcohol deaths,backtranslation_kor_hang,0.3389,Deaths from blood alcohol,backtranslation_arb_arab,0.3389,Deaths from blood alcohol,backtranslation_pes_arab,0.3389,Deaths from blood alcohol,backtranslation_fra_latn,0.3389,death from alcohol in the blood,backtranslation_rus_cyrl,0.3389,death from alcohol in the blood,backtranslation_zsm_latn,0.3389,death from blood alcohol,backtranslation_swh_latn,0.3389,blood deaths from alcohol,backtranslation_yue_hant,0.2799,Blood alcohol is dead,,,
359,mutual fund predictors,0.02,4,backtranslation_rus_cyrl,0.0261,forecast indicators of mutual funds,backtranslation_yue_hant,0.0207,Mutual fund forecasts,backtranslation_kor_hang,0.0207,Mutual fund forecasts,backtranslation_fra_latn,0.0207,forecasters of mutual funds,,,,,,,,,,,,,,,,,,
360,drug legalization benefits,0.1698,0,,,,,,,,,,,,,,,,,,,,,,,,,,,,,,
361,clothing sweatshops,0.36,0,,,,,,,,,,,,,,,,,,,,,,,,,,,,,,
362,human smuggling,0.0899,0,,,,,,,,,,,,,,,,,,,,,,,,,,,,,,
363,transportation tunnel disasters,0.0205,4,backtranslation_tam_taml,0.0708,Traffic subway disasters,backtranslation_kor_hang,0.064,Traffic tunnel crash,backtranslation_rus_cyrl,0.047,accidents in transport tunnels,backtranslation_arb_arab,0.0458,The disasters of the tunnels,,,,,,,,,,,,,,,,,,
364,rabies,0.5537,0,,,,,,,,,,,,,,,,,,,,,,,,,,,,,,
365,El Nino,0.6218,0,,,,,,,,,,,,,,,,,,,,,,,,,,,,,,
366,commercial cyanide uses,0.4254,0,,,,,,,,,,,,,,,,,,,,,,,,,,,,,,
367,piracy,0.0624,0,,,,,,,,,,,,,,,,,,,,,,,,,,,,,,
368,in vitro fertilization,0.3683,0,,,,,,,,,,,,,,,,,,,,,,,,,,,,,,
369,anorexia nervosa bulimia,0.2633,0,,,,,,,,,,,,,,,,,,,,,,,,,,,,,,
370,food/drug laws,0.006,1,backtranslation_pes_arab,0.0258,Food and Drug regulations,,,,,,,,,,,,,,,,,,,,,,,,,,,
371,health insurance holistic,0.0017,7,backtranslation_pes_arab,0.0593,Health insurance coverage,backtranslation_swh_latn,0.0047,general health insurance,backtranslation_yue_hant,0.0028,Health insurance as a whole,backtranslation_kor_hang,0.0028,The whole health insurance,backtranslation_arb_arab,0.0019,Health insurance,backtranslation_deu_latn,0.0019,State health insurance,backtranslation_rus_cyrl,0.0019,health insurance,,,,,,,,,
372,Native American casino,0.1169,0,,,,,,,,,,,,,,,,,,,,,,,,,,,,,,
373,encryption equipment export,0.1072,3,backtranslation_rus_cyrl,0.1535,Export of encryption,backtranslation_yue_hant,0.1219,Exporting the encrypted device,backtranslation_deu_latn,0.1219,Exports of encryption devices,,,,,,,,,,,,,,,,,,,,,
374,Nobel prize winners,0.2745,1,backtranslation_fra_latn,0.5047,Nobel Prize for his work,,,,,,,,,,,,,,,,,,,,,,,,,,,
375,hydrogen energy,0.2136,0,,,,,,,,,,,,,,,,,,,,,,,,,,,,,,
376,World Court,0.0226,0,,,,,,,,,,,,,,,,,,,,,,,,,,,,,,
377,cigar smoking,0.3225,0,,,,,,,,,,,,,,,,,,,,,,,,,,,,,,
378,euro opposition,0.0079,1,backtranslation_arb_arab,0.019,Opposition to the European Union,,,,,,,,,,,,,,,,,,,,,,,,,,,
379,mainstreaming,0.0285,0,,,,,,,,,,,,,,,,,,,,,,,,,,,,,,
380,obesity medical treatment,0.1958,2,backtranslation_tam_taml,0.3712,Obesity is a medical condition,backtranslation_yue_hant,0.3338,Obesity treatment,,,,,,,,,,,,,,,,,,,,,,,,
381,alternative medicine,0.0558,0,,,,,,,,,,,,,,,,,,,,,,,,,,,,,,
382,hydrogen fuel automobiles,0.5459,0,,,,,,,,,,,,,,,,,,,,,,,,,,,,,,
383,mental illness drugs,0.0245,1,backtranslation_yue_hant,0.0435,Psychiatric drugs,,,,,,,,,,,,,,,,,,,,,,,,,,,
384,space station moon,0.2062,0,,,,,,,,,,,,,,,,,,,,,,,,,,,,,,
385,hybrid fuel cars,0.3361,3,backtranslation_rus_cyrl,0.3818,hybrid fuel vehicles,backtranslation_tam_taml,0.3818,Hybrid fuel vehicles,backtranslation_swh_latn,0.3818,hybrid fuel vehicles,,,,,,,,,,,,,,,,,,,,,
386,teaching disabled children,0.032,2,backtranslation_pes_arab,0.0572,Education of handicapped children,backtranslation_yue_hant,0.0388,Learning disabled children,,,,,,,,,,,,,,,,,,,,,,,,
387,radioactive waste,0.1303,0,,,,,,,,,,,,,,,,,,,,,,,,,,,,,,
388,organic soil enhancement,0.0263,9,backtranslation_yue_hant,0.0621,Organic soil is growing,backtranslation_tam_taml,0.0566,Organic Soil Development,backtranslation_pes_arab,0.0499,Increased organic soil,backtranslation_zsm_latn,0.0499,organic soil increase,backtranslation_fra_latn,0.0421,organic improvement of soil,backtranslation_rus_cyrl,0.0421,organic improvement of soil,backtranslation_swh_latn,0.0374,strengthening organic soil,backtranslation_deu_latn,0.0305,organic soil extraction,backtranslation_arb_arab,0.0297,Organic soil reinforcement,,,
389,illegal technology transfer,0.021,0,,,,,,,,,,,,,,,,,,,,,,,,,,,,,,
390,orphan drugs,0.08,0,,,,,,,,,,,,,,,,,,,,,,,,,,,,,,
391,R&D drug prices,0.2543,4,backtranslation_kor_hang,0.4371,Research and development drug prices,backtranslation_pes_arab,0.415,Costs of drug research and development,backtranslation_yue_hant,0.3389,The cost of drug development,backtranslation_tam_taml,0.3061,Pharmaceutical R   D prices,,,,,,,,,,,,,,,,,,
392,robotics,0.4736,0,,,,,,,,,,,,,,,,,,,,,,,,,,,,,,
393,mercy killing,0.0551,0,,,,,,,,,,,,,,,,,,,,,,,,,,,,,,
394,home schooling,0.0174,4,backtranslation_yue_hant,0.0455,Family education,backtranslation_kor_hang,0.0335,Home education,backtranslation_fra_latn,0.0335,home education,backtranslation_swh_latn,0.0335,home education,,,,,,,,,,,,,,,,,,
395,tourism,0.1345,0,,,,,,,,,,,,,,,,,,,,,,,,,,,,,,
396,sick building syndrome,0.152,0,,,,,,,,,,,,,,,,,,,,,,,,,,,,,,
397,automobile recalls,0.0179,1,backtranslation_tam_taml,0.1165,Vehicle recall,,,,,,,,,,,,,,,,,,,,,,,,,,,
398,dismantling Europe's arsenal,0.0189,3,backtranslation_kor_hang,0.0313,The dismantling of Europe s defenseless forces,backtranslation_yue_hant,0.024,To destroy the European arsenal,backtranslation_tam_taml,0.024,The European arsenal was destroyed,,,,,,,,,,,,,,,,,,,,,
399,oceanographic vessels,0.1489,3,backtranslation_pes_arab,0.172,Oceanographic ships,backtranslation_rus_cyrl,0.172,oceanographic ships,backtranslation_zsm_latn,0.172,oceanographic ships,,,,,,,,,,,,,,,,,,,,,
400,Amazon rain forest,0.3971,10,backtranslation_yue_hant,0.4111,The Amazon rainforest,backtranslation_kor_hang,0.4111,The Amazon rainforest,backtranslation_arb_arab,0.4111,The Amazon rainforest,backtranslation_pes_arab,0.4111,The Amazon rainforest,backtranslation_fra_latn,0.4111,The Amazon Rainforest,backtranslation_deu_latn,0.4111,The Amazon rainforest,backtranslation_rus_cyrl,0.4111,The Amazon rainforest,backtranslation_zsm_latn,0.4111,The Amazon rainforest,backtranslation_tam_taml,0.4111,The Amazon Rainforest,backtranslation_swh_latn,0.4111,The Amazon rainforest
401,"foreign minorities, Germany",0.0311,0,,,,,,,,,,,,,,,,,,,,,,,,,,,,,,
402,behavioral genetics,0.1344,1,backtranslation_tam_taml,0.1567,The study of behavior genetics,,,,,,,,,,,,,,,,,,,,,,,,,,,
403,osteoporosis,0.4423,0,,,,,,,,,,,,,,,,,,,,,,,,,,,,,,
404,"Ireland, peace talks",0.169,0,,,,,,,,,,,,,,,,,,,,,,,,,,,,,,
405,cosmic events,0.0616,0,,,,,,,,,,,,,,,,,,,,,,,,,,,,,,
406,Parkinson's disease,0.3929,9,backtranslation_yue_hant,0.4123,Parkinson s disease is a disease,backtranslation_kor_hang,0.4123,Parkinson s disease is not a disease,backtranslation_arb_arab,0.4123,Parkinson s disease is not a disease,backtranslation_pes_arab,0.4123,Parkinson s disease is not a disease,backtranslation_fra_latn,0.4042,Parkinson s disease is,backtranslation_rus_cyrl,0.4042,Parkinson s disease is,backtranslation_zsm_latn,0.4042,Parkinson s disease is,backtranslation_tam_taml,0.4042,Parkinson s disease,backtranslation_swh_latn,0.4042,Parkinson s disease,,,
407,"poaching, wildlife preserves",0.2801,0,,,,,,,,,,,,,,,,,,,,,,,,,,,,,,
408,tropical storms,0.0929,0,,,,,,,,,,,,,,,,,,,,,,,,,,,,,,
409,"legal, Pan Am, 103",0.1422,0,,,,,,,,,,,,,,,,,,,,,,,,,,,,,,
410,Schengen agreement,0.8547,0,,,,,,,,,,,,,,,,,,,,,,,,,,,,,,
411,"salvaging, shipwreck, treasure",0.2342,0,,,,,,,,,,,,,,,,,,,,,,,,,,,,,,
412,airport security,0.332,0,,,,,,,,,,,,,,,,,,,,,,,,,,,,,,
413,steel production,0.0807,2,backtranslation_rus_cyrl,0.1119,Steel manufacturing,backtranslation_zsm_latn,0.1119,Manufacture of steel,,,,,,,,,,,,,,,,,,,,,,,,
414,"Cuba, sugar, exports",0.2562,0,,,,,,,,,,,,,,,,,,,,,,,,,,,,,,
415,"drugs, Golden Triangle",0.2426,0,,,,,,,,,,,,,,,,,,,,,,,,,,,,,,
416,Three Gorges Project,0.3534,0,,,,,,,,,,,,,,,,,,,,,,,,,,,,,,
417,creativity,0.3074,0,,,,,,,,,,,,,,,,,,,,,,,,,,,,,,
418,"quilts, income",0.4239,0,,,,,,,,,,,,,,,,,,,,,,,,,,,,,,
419,"recycle, automobile tires",0.0477,9,backtranslation_fra_latn,0.3173,recycling tyres  automotive tyres,backtranslation_deu_latn,0.283,Recycling  vehicle tyres,backtranslation_kor_hang,0.0853,Recycling  car tires,backtranslation_arb_arab,0.0853,Recycling  car tires,backtranslation_pes_arab,0.0853,Recycling  car tires,backtranslation_zsm_latn,0.0853,Recycling  car tires,backtranslation_swh_latn,0.0853,Recycling  car tires,backtranslation_yue_hant,0.0531,Recycling machines  car tires,backtranslation_rus_cyrl,0.0522,recycling  automotive tires,,,
420,carbon monoxide poisoning,0.4522,0,,,,,,,,,,,,,,,,,,,,,,,,,,,,,,
421,industrial waste disposal,0.0484,2,backtranslation_zsm_latn,0.128,Industrial waste,backtranslation_yue_hant,0.0804,Industrial waste management,,,,,,,,,,,,,,,,,,,,,,,,
422,"art, stolen, forged",0.3042,0,,,,,,,,,,,,,,,,,,,,,,,,,,,,,,
423,"Milosevic, Mirjana Markovic",0.6341,1,backtranslation_arb_arab,0.6705,Milosevic  Mirjana Markovic  you know what,,,,,,,,,,,,,,,,,,,,,,,,,,,
424,suicides,0.1341,0,,,,,,,,,,,,,,,,,,,,,,,,,,,,,,
425,counterfeiting money,0.4559,0,,,,,,,,,,,,,,,,,,,,,,,,,,,,,,
426,"law enforcement, dogs",0.0475,2,backtranslation_fra_latn,0.3362,The police  the dogs,backtranslation_swh_latn,0.3362,police  dogs,,,,,,,,,,,,,,,,,,,,,,,,
427,"UV damage, eyes",0.1522,1,backtranslation_rus_cyrl,0.2203,Damage to ultraviolet light  eyes,,,,,,,,,,,,,,,,,,,,,,,,,,,
428,declining birth rates,0.2436,0,,,,,,,,,,,,,,,,,,,,,,,,,,,,,,
429,Legionnaires' disease,0.4669,4,backtranslation_pes_arab,0.4937,Legionnaire s disease,backtranslation_zsm_latn,0.4937,Legionnaire s disease,backtranslation_tam_taml,0.4937,Legionnaire s disease,backtranslation_kor_hang,0.4932,Legionnaire s disease is a disease,,,,,,,,,,,,,,,,,,
430,killer bee attacks,0.6502,0,,,,,,,,,,,,,,,,,,,,,,,,,,,,,,
431,robotic technology,0.5346,1,backtranslation_tam_taml,0.5487,Robotics,,,,,,,,,,,,,,,,,,,,,,,,,,,
432,"profiling, motorists, police",0.002,2,backtranslation_swh_latn,0.0036,Vehicles  police profile,backtranslation_yue_hant,0.0021,The driver  the police,,,,,,,,,,,,,,,,,,,,,,,,
433,"Greek, philosophy, stoicism",0.0483,1,backtranslation_rus_cyrl,0.0752,Greece  philosophy  stoicism,,,,,,,,,,,,,,,,,,,,,,,,,,,
434,"Estonia, economy",0.4266,0,,,,,,,,,,,,,,,,,,,,,,,,,,,,,,
435,curbing population growth,0.0477,8,backtranslation_tam_taml,0.2094,Controlling population growth,backtranslation_rus_cyrl,0.1961,population growth,backtranslation_pes_arab,0.1131,Decreasing population growth,backtranslation_swh_latn,0.085,preventing population growth,backtranslation_kor_hang,0.0817,The population growth is contained,backtranslation_arb_arab,0.0731,Reducing population growth,backtranslation_zsm_latn,0.0704,impeding population growth,backtranslation_fra_latn,0.0479,limiting population growth,,,,,,
436,railway accidents,0.0614,7,backtranslation_kor_hang,0.2126,The train crash,backtranslation_zsm_latn,0.2126,train crash,backtranslation_tam_taml,0.1964,Train accidents,backtranslation_yue_hant,0.1398,A railroad accident,backtranslation_arb_arab,0.1398,Railroad accidents,backtranslation_pes_arab,0.1398,Railroad accidents,backtranslation_rus_cyrl,0.1398,railroad accidents,,,,,,,,,
437,"deregulation, gas, electric",0.0288,2,backtranslation_rus_cyrl,0.0455,De regulation  gas  electricity,backtranslation_tam_taml,0.042,The government has also been able to regulate the supply of gas and electricity,,,,,,,,,,,,,,,,,,,,,,,,
438,"tourism, increase",0.255,0,,,,,,,,,,,,,,,,,,,,,,,,,,,,,,
439,"inventions, scientific discoveries",0.0181,1,backtranslation_fra_latn,0.0214,Inventors  scientific discoveries,,,,,,,,,,,,,,,,,,,,,,,,,,,
440,child labor,0.1313,8,backtranslation_yue_hant,0.1451,Child labour,backtranslation_kor_hang,0.1451,Child labour,backtranslation_fra_latn,0.1451,child labour,backtranslation_deu_latn,0.1451,Child labour,backtranslation_rus_cyrl,0.1451,child labour,backtranslation_zsm_latn,0.1451,Child labour,backtranslation_tam_taml,0.1451,Child labour,backtranslation_swh_latn,0.1451,child labour,,,,,,
441,Lyme disease,0.4564,0,,,,,,,,,,,,,,,,,,,,,,,,,,,,,,
442,heroic acts,0.0126,2,backtranslation_deu_latn,0.0386,Heroic Deeds,backtranslation_rus_cyrl,0.0166,heroic actions,,,,,,,,,,,,,,,,,,,,,,,,
443,"U.S., investment, Africa",0.1325,0,,,,,,,,,,,,,,,,,,,,,,,,,,,,,,
444,supercritical fluids,0.3675,1,backtranslation_yue_hant,0.405,It s a supercritical liquid,,,,,,,,,,,,,,,,,,,,,,,,,,,
445,women clergy,0.1862,1,backtranslation_fra_latn,0.3486,women priests,,,,,,,,,,,,,,,,,,,,,,,,,,,
446,"tourists, violence",0.1953,0,,,,,,,,,,,,,,,,,,,,,,,,,,,,,,
447,Stirling engine,0.076,0,,,,,,,,,,,,,,,,,,,,,,,,,,,,,,
448,ship losses,0.0209,0,,,,,,,,,,,,,,,,,,,,,,,,,,,,,,
449,antibiotics ineffectiveness,0.0657,4,backtranslation_kor_hang,0.0922,Antibiotic effects,backtranslation_deu_latn,0.0922,Effectiveness of antibiotics,backtranslation_zsm_latn,0.0922,Antibiotics are not effective,backtranslation_pes_arab,0.0879,The lack of antibiotics,,,,,,,,,,,,,,,,,,
450,"King Hussein, peace",0.3105,0,,,,,,,,,,,,,,,,,,,,,,,,,,,,,,
601,Turkey Iraq water,0.5318,0,,,,,,,,,,,,,,,,,,,,,,,,,,,,,,
602,"Czech, Slovak sovereignty",0.3082,2,backtranslation_pes_arab,0.3368,The Czech  the Slovak,backtranslation_zsm_latn,0.3368,The Czech  Slovak,,,,,,,,,,,,,,,,,,,,,,,,
603,Tobacco cigarette lawsuit,0.2648,5,backtranslation_kor_hang,0.4393,The tobacco lawsuit,backtranslation_fra_latn,0.3541,The case against tobacco,backtranslation_zsm_latn,0.2954,Trial of Tobacco,backtranslation_pes_arab,0.2902,The smoking suit,backtranslation_swh_latn,0.2882,The case of tobacco,,,,,,,,,,,,,,,
604,Lyme disease arthritis,0.7396,4,backtranslation_swh_latn,0.8409,Joint pain from Lyme disease,backtranslation_tam_taml,0.8271,Lyme disease is a joint disease,backtranslation_fra_latn,0.7409,Arthritis from Lyme disease,backtranslation_zsm_latn,0.7409,Arthritis from Lyme disease,,,,,,,,,,,,,,,,,,
605,Great Britain health care,0.0833,1,backtranslation_zsm_latn,0.1049,British health services,,,,,,,,,,,,,,,,,,,,,,,,,,,
606,leg traps ban,0.3297,0,,,,,,,,,,,,,,,,,,,,,,,,,,,,,,
607,human genetic code,0.1997,0,,,,,,,,,,,,,,,,,,,,,,,,,,,,,,
608,taxing social security,0.0683,0,,,,,,,,,,,,,,,,,,,,,,,,,,,,,,
609,per capita alcohol consumption,0.3252,0,,,,,,,,,,,,,,,,,,,,,,,,,,,,,,
610,minimum wage adverse impact,0.0332,8,backtranslation_kor_hang,0.1071,The negative impact on the minimum wage,backtranslation_arb_arab,0.1071,The negative impact on the minimum wage,backtranslation_pes_arab,0.1071,The negative impact on the minimum wage,backtranslation_fra_latn,0.1071,the negative impact of the minimum wage,backtranslation_deu_latn,0.1071,Negative impact on the minimum wage,backtranslation_rus_cyrl,0.1071,negative impact of minimum wage,backtranslation_tam_taml,0.1071,The negative impact of the minimum wage,backtranslation_yue_hant,0.076,The minimum wage is negative,,,,,,
611,Kurds Germany violence,0.2084,1,backtranslation_rus_cyrl,0.2626,Germany s Kurds are violent,,,,,,,,,,,,,,,,,,,,,,,,,,,
612,Tibet protesters,0.5306,0,,,,,,,,,,,,,,,,,,,,,,,,,,,,,,
613,Berlin wall disposal,0.1897,0,,,,,,,,,,,,,,,,,,,,,,,,,,,,,,
614,Flavr Savr tomato,0.0553,1,backtranslation_kor_hang,0.1289,The Flavour of the Sabre Tomatoes,,,,,,,,,,,,,,,,,,,,,,,,,,,
615,timber exports Asia,0.0888,0,,,,,,,,,,,,,,,,,,,,,,,,,,,,,,
616,Volkswagen Mexico,0.7629,0,,,,,,,,,,,,,,,,,,,,,,,,,,,,,,
617,Russia Cuba economy,0.2996,0,,,,,,,,,,,,,,,,,,,,,,,,,,,,,,
618,Ayatollah Khomeini death,0.1792,2,backtranslation_yue_hant,0.1907,Ayatollah Khomeini is dead,backtranslation_zsm_latn,0.1907,Ayatollah Khomeini is dead,,,,,,,,,,,,,,,,,,,,,,,,
619,Winnie Mandela scandal,0.6311,0,,,,,,,,,,,,,,,,,,,,,,,,,,,,,,
620,France nuclear testing,0.0603,4,backtranslation_yue_hant,0.0897,French nuclear tests,backtranslation_kor_hang,0.0897,French nuclear test,backtranslation_pes_arab,0.0897,French nuclear tests,backtranslation_zsm_latn,0.0897,French nuclear tests,,,,,,,,,,,,,,,,,,
621,women ordained Church of England,0.4259,4,backtranslation_yue_hant,0.6501,Women in the Church of England,backtranslation_rus_cyrl,0.6501,The women of the Church of England,backtranslation_kor_hang,0.6246,Women priests in the Church of England,backtranslation_tam_taml,0.4709,The Church of England as a Church of Women Appointed,,,,,,,,,,,,,,,,,,
622,price fixing,0.0489,0,,,,,,,,,,,,,,,,,,,,,,,,,,,,,,
623,toxic chemical weapon,0.2514,0,,,,,,,,,,,,,,,,,,,,,,,,,,,,,,
624,SDI Star Wars,0.2589,1,backtranslation_kor_hang,0.2777,SDI Star Wars is on the way,,,,,,,,,,,,,,,,,,,,,,,,,,,
625,arrests bombing WTC,0.0397,2,backtranslation_deu_latn,0.2238,Arrested in the bombing of the World Trade Center,backtranslation_arb_arab,0.0694,Arrested bombs at the center of the world,,,,,,,,,,,,,,,,,,,,,,,,
626,human stampede,0.2168,0,,,,,,,,,,,,,,,,,,,,,,,,,,,,,,
627,Russian food crisis,0.0122,0,,,,,,,,,,,,,,,,,,,,,,,,,,,,,,
628,U.S. invasion of Panama,0.2577,1,backtranslation_tam_taml,0.2647,The United States invasion of Panama,,,,,,,,,,,,,,,,,,,,,,,,,,,
629,abortion clinic attack,0.1674,0,,,,,,,,,,,,,,,,,,,,,,,,,,,,,,
630,Gulf War Syndrome,0.6957,0,,,,,,,,,,,,,,,,,,,,,,,,,,,,,,
631,Mandela South Africa President,0.1729,0,,,,,,,,,,,,,,,,,,,,,,,,,,,,,,
632,southeast Asia tin mining,0.2404,0,,,,,,,,,,,,,,,,,,,,,,,,,,,,,,
633,Welsh devolution,0.4698,0,,,,,,,,,,,,,,,,,,,,,,,,,,,,,,
634,L-tryptophan deaths,0.7262,0,,,,,,,,,,,,,,,,,,,,,,,,,,,,,,
635,doctor assisted suicides,0.5608,0,,,,,,,,,,,,,,,,,,,,,,,,,,,,,,
636,jury duty exemptions,0.1253,0,,,,,,,,,,,,,,,,,,,,,,,,,,,,,,
637,human growth hormone (HGH),0.4223,0,,,,,,,,,,,,,,,,,,,,,,,,,,,,,,
638,wrongful convictions,0.0338,0,,,,,,,,,,,,,,,,,,,,,,,,,,,,,,
639,consumer on-line shopping,0.1323,6,backtranslation_yue_hant,0.1569,Consumers shop online,backtranslation_arb_arab,0.1569,Online shopping for consumers,backtranslation_pes_arab,0.1569,Consumer shopping online,backtranslation_deu_latn,0.1569,Consumer online shopping,backtranslation_swh_latn,0.1569,online shopping for consumers,backtranslation_rus_cyrl,0.1444,Internet purchases of consumers,,,,,,,,,,,,
640,maternity leave policies,0.3221,1,backtranslation_deu_latn,0.3884,maternity leave,,,,,,,,,,,,,,,,,,,,,,,,,,,
641,Valdez wildlife marine life,0.2835,3,backtranslation_fra_latn,0.3061,Wildlife in Valdez,backtranslation_deu_latn,0.3061,Wildlife of Valdez,backtranslation_zsm_latn,0.3061,The wildlife of Valdez,,,,,,,,,,,,,,,,,,,,,
642,Tiananmen Square protesters,0.148,0,,,,,,,,,,,,,,,,,,,,,,,,,,,,,,
643,salmon dams Pacific northwest,0.1315,0,,,,,,,,,,,,,,,,,,,,,,,,,,,,,,
644,exotic animals import,0.0491,0,,,,,,,,,,,,,,,,,,,,,,,,,,,,,,
645,software piracy,0.6276,0,,,,,,,,,,,,,,,,,,,,,,,,,,,,,,
646,food stamps increase,0.1748,0,,,,,,,,,,,,,,,,,,,,,,,,,,,,,,
647,windmill electricity,0.2067,7,backtranslation_tam_taml,0.5453,Wind power,backtranslation_kor_hang,0.3777,Wind power plants,backtranslation_zsm_latn,0.3777,Wind power plants,backtranslation_pes_arab,0.2325,Windmill power,backtranslation_arb_arab,0.2127,Electricity from the windmill,backtranslation_fra_latn,0.2127,electricity from windmills,backtranslation_yue_hant,0.2106,Power supply for wind turbines,,,,,,,,,
648,family leave law,0.0966,2,backtranslation_kor_hang,0.2914,Family leave,backtranslation_deu_latn,0.2914,Family leave,,,,,,,,,,,,,,,,,,,,,,,,
649,computer viruses,0.5672,0,,,,,,,,,,,,,,,,,,,,,,,,,,,,,,
650,tax evasion indicted,0.0984,5,backtranslation_kor_hang,0.1509,Charged with tax evasion,backtranslation_arb_arab,0.1509,Charges of tax evasion,backtranslation_fra_latn,0.1509,charge of tax evasion,backtranslation_deu_latn,0.1509,Charged with tax evasion,backtranslation_swh_latn,0.1509,tax evasion charges,,,,,,,,,,,,,,,
651,U.S. ethnic population,0.0585,0,,,,,,,,,,,,,,,,,,,,,,,,,,,,,,
652,OIC Balkans 1990s,0.2761,0,,,,,,,,,,,,,,,,,,,,,,,,,,,,,,
653,ETA Basque terrorism,0.5898,1,backtranslation_yue_hant,0.6062,Basque terrorist ETA,,,,,,,,,,,,,,,,,,,,,,,,,,,
654,same-sex schools,0.2072,0,,,,,,,,,,,,,,,,,,,,,,,,,,,,,,
655,ADD diagnosis treatment,0.0007,1,backtranslation_rus_cyrl,0.2884,Treatment of the diagnosis of ADHD,,,,,,,,,,,,,,,,,,,,,,,,,,,
656,lead poisoning children,0.0572,0,,,,,,,,,,,,,,,,,,,,,,,,,,,,,,
657,school prayer banned,0.4127,0,,,,,,,,,,,,,,,,,,,,,,,,,,,,,,
658,teenage pregnancy,0.0414,3,backtranslation_fra_latn,0.098,pregnancy in adolescents,backtranslation_rus_cyrl,0.098,pregnancy of adolescents,backtranslation_deu_latn,0.0484,Pregnancy in the teenage years,,,,,,,,,,,,,,,,,,,,,
659,cruise health safety,0.3221,2,backtranslation_rus_cyrl,0.4135,safety for the health of cruise passengers,backtranslation_pes_arab,0.3385,Cruise safety,,,,,,,,,,,,,,,,,,,,,,,,
660,whale watching California,0.6295,0,,,,,,,,,,,,,,,,,,,,,,,,,,,,,,
661,melanoma treatment causes,0.5717,5,backtranslation_kor_hang,0.6498,The Causes of Melanoma,backtranslation_arb_arab,0.6498,The causes of melanoma,backtranslation_pes_arab,0.6498,The Cause of Melanoma,backtranslation_swh_latn,0.6498,causes of melanoma,backtranslation_deu_latn,0.5923,Treatment of melanoma,,,,,,,,,,,,,,,
662,telemarketer protection,0.5936,0,,,,,,,,,,,,,,,,,,,,,,,,,,,,,,
663,Agent Orange exposure,0.2491,0,,,,,,,,,,,,,,,,,,,,,,,,,,,,,,
664,American Indian Museum,0.4954,0,,,,,,,,,,,,,,,,,,,,,,,,,,,,,,
665,poverty Africa sub-Sahara,0.2663,0,,,,,,,,,,,,,,,,,,,,,,,,,,,,,,
666,Thatcher resignation impact,0.0085,3,backtranslation_arb_arab,0.0087,The effect of Thatcher  s resignation,backtranslation_tam_taml,0.0087,The effect of Thatcher s resignation,backtranslation_swh_latn,0.0087,The effects of Thatcher s resignation,,,,,,,,,,,,,,,,,,,,,
667,unmarried-partner households,0.3517,4,backtranslation_kor_hang,0.4467,A family with an unmarried partner,backtranslation_tam_taml,0.4467,Families with unmarried partners,backtranslation_swh_latn,0.4467,families of unmarried partners,backtranslation_zsm_latn,0.3659,household of unmarried couples,,,,,,,,,,,,,,,,,,
668,"poverty, disease",0.3735,0,,,,,,,,,,,,,,,,,,,,,,,,,,,,,,
669,Islamic Revolution,0.1445,0,,,,,,,,,,,,,,,,,,,,,,,,,,,,,,
670,U.S. elections apathy,0.1008,2,backtranslation_rus_cyrl,0.1365,American apathy in the election,backtranslation_zsm_latn,0.1176,Apathy in the US election,,,,,,,,,,,,,,,,,,,,,,,,
671,Salvation Army benefits,0.2782,0,,,,,,,,,,,,,,,,,,,,,,,,,,,,,,
672,NRA membership profile,,0,,,,,,,,,,,,,,,,,,,,,,,,,,,,,,
673,Soviet withdrawal Afghanistan,0.2733,6,backtranslation_pes_arab,0.293,Withdrawal of the Soviet Union from Afghanistan,backtranslation_kor_hang,0.276,Soviet withdrawal from Afghanistan,backtranslation_arb_arab,0.276,The Soviet withdrawal from Afghanistan,backtranslation_fra_latn,0.276,The Soviet withdrawal from Afghanistan,backtranslation_deu_latn,0.276,Soviet withdrawal from Afghanistan,backtranslation_swh_latn,0.276,The Soviet withdrawal from Afghanistan,,,,,,,,,,,,
674,Greenpeace prosecuted,0.1278,4,backtranslation_swh_latn,0.2525,Greenpeace is charged,backtranslation_arb_arab,0.2075,The Greenpeace trial,backtranslation_pes_arab,0.2075,The Greenpeace trial,backtranslation_rus_cyrl,0.1775,The Greenpeace persecution,,,,,,,,,,,,,,,,,,
675,Olympics training swimming,0.2832,0,,,,,,,,,,,,,,,,,,,,,,,,,,,,,,
676,poppy cultivation,0.2633,0,,,,,,,,,,,,,,,,,,,,,,,,,,,,,,
677,Leaning Tower of Pisa,0.9087,0,,,,,,,,,,,,,,,,,,,,,,,,,,,,,,
678,joint custody impact,0.2097,0,,,,,,,,,,,,,,,,,,,,,,,,,,,,,,
679,opening adoption records,0.8556,1,backtranslation_yue_hant,0.8708,Adoption records,,,,,,,,,,,,,,,,,,,,,,,,,,,
680,immigrants Spanish school,0.0802,1,backtranslation_yue_hant,0.1103,Immigrant Spanish College,,,,,,,,,,,,,,,,,,,,,,,,,,,
681,wind power location,0.2734,4,backtranslation_swh_latn,0.4008,wind energy area,backtranslation_fra_latn,0.3302,location of wind energy,backtranslation_deu_latn,0.3302,Location of wind energy,backtranslation_rus_cyrl,0.3302,location of wind energy,,,,,,,,,,,,,,,,,,
682,adult immigrants English,0.2444,0,,,,,,,,,,,,,,,,,,,,,,,,,,,,,,
683,Czechoslovakia breakup,0.0356,4,backtranslation_fra_latn,0.06,The division of Czechoslovakia,backtranslation_tam_taml,0.06,The division of Czechoslovakia,backtranslation_yue_hant,0.053,Czechoslovakia was divided,backtranslation_zsm_latn,0.0423,The breaking of Czechoslovakia,,,,,,,,,,,,,,,,,,
684,part-time benefits,0.0859,0,,,,,,,,,,,,,,,,,,,,,,,,,,,,,,
685,Oscar winner selection,0.2775,0,,,,,,,,,,,,,,,,,,,,,,,,,,,,,,
686,Argentina pegging dollar,0.3016,0,,,,,,,,,,,,,,,,,,,,,,,,,,,,,,
687,Northern Ireland industry,0.3446,0,,,,,,,,,,,,,,,,,,,,,,,,,,,,,,
688,non-U.S. media bias,0.0835,2,backtranslation_yue_hant,0.0924,Media bias outside the United States,backtranslation_kor_hang,0.0924,Media bias outside the United States,,,,,,,,,,,,,,,,,,,,,,,,
689,family-planning aid,0.066,0,,,,,,,,,,,,,,,,,,,,,,,,,,,,,,
690,college education advantage,0.0035,3,backtranslation_rus_cyrl,0.0049,The advantages of higher education,backtranslation_kor_hang,0.0047,The benefits of college education,backtranslation_tam_taml,0.0047,The benefits of college education,,,,,,,,,,,,,,,,,,,,,
691,clear-cutting forests,0.2914,0,,,,,,,,,,,,,,,,,,,,,,,,,,,,,,
692,prostate cancer detection treatment,0.3846,7,backtranslation_kor_hang,0.4196,Treatment for prostate cancer,backtranslation_pes_arab,0.4196,Treatment for prostate cancer,backtranslation_fra_latn,0.4196,treatment for prostate cancer,backtranslation_rus_cyrl,0.4196,treatment of prostate cancer,backtranslation_zsm_latn,0.4196,treatment for prostate cancer,backtranslation_tam_taml,0.4196,The treatment for prostate cancer,backtranslation_swh_latn,0.4196,treatment for prostate cancer,,,,,,,,,
693,newspapers electronic media,0.2964,0,,,,,,,,,,,,,,,,,,,,,,,,,,,,,,
694,compost pile,0.4007,4,backtranslation_yue_hant,0.5098,Compost,backtranslation_pes_arab,0.4524,The mass of compost,backtranslation_fra_latn,0.4163,compost stacks,backtranslation_zsm_latn,0.4163,compost stacks,,,,,,,,,,,,,,,,,,
695,white collar crime sentence,0.2748,0,,,,,,,,,,,,,,,,,,,,,,,,,,,,,,
696,safety plastic surgery,0.292,0,,,,,,,,,,,,,,,,,,,,,,,,,,,,,,
697,air traffic controller,0.0722,0,,,,,,,,,,,,,,,,,,,,,,,,,,,,,,
698,literacy rates Africa,0.4468,2,backtranslation_yue_hant,0.5088,Literacy in Africa,backtranslation_rus_cyrl,0.5088,literacy in Africa,,,,,,,,,,,,,,,,,,,,,,,,
699,term limits,0.4906,0,,,,,,,,,,,,,,,,,,,,,,,,,,,,,,
700,gasoline tax U.S.,0.2224,1,backtranslation_kor_hang,0.3582,Gasoline tax,,,,,,,,,,,,,,,,,,,,,,,,,,,
