qid,abstractqueryexpansion,abstractqueryexpansion.qld.recip_rank,star_model_count,method.1,metric.1,query.1,method.2,metric.2,query.2,method.3,metric.3,query.3,method.4,metric.4,query.4,method.5,metric.5,query.5,method.6,metric.6,query.6,method.7,metric.7,query.7,method.8,metric.8,query.8,method.9,metric.9,query.9,method.10,metric.10,query.10
INEX_LD-20120111,vietnam war movie,1.0,0,,,,,,,,,,,,,,,,,,,,,,,,,,,,,,
INEX_LD-20120112,vietnam war facts,1.0,0,,,,,,,,,,,,,,,,,,,,,,,,,,,,,,
INEX_LD-20120121,vietnam food recipes,1.0,0,,,,,,,,,,,,,,,,,,,,,,,,,,,,,,
INEX_LD-20120122,vietnamese food blog,0.1667,0,,,,,,,,,,,,,,,,,,,,,,,,,,,,,,
INEX_LD-20120131,vietnam travel national park,0.25,1,backtranslation_swh_latn,1.0,Vietnam National Park trip,,,,,,,,,,,,,,,,,,,,,,,,,,,
INEX_LD-20120132,vietnam travel airports,1.0,0,,,,,,,,,,,,,,,,,,,,,,,,,,,,,,
INEX_LD-20120211,guitar chord tuning,1.0,0,,,,,,,,,,,,,,,,,,,,,,,,,,,,,,
INEX_LD-20120212,guitar chord minor,1.0,0,,,,,,,,,,,,,,,,,,,,,,,,,,,,,,
INEX_LD-20120221,guitar classical flamenco,1.0,0,,,,,,,,,,,,,,,,,,,,,,,,,,,,,,
INEX_LD-20120222,guitar classical bach,1.0,0,,,,,,,,,,,,,,,,,,,,,,,,,,,,,,
INEX_LD-20120231,guitar origin Russia,0.1,5,backtranslation_kor_hang,1.0,The origin of the guitar is Russian,backtranslation_arb_arab,1.0,The origin of the guitar is Russian,backtranslation_pes_arab,1.0,The origins of the Russian guitar,backtranslation_zsm_latn,1.0,Guitar of Russian origin,backtranslation_swh_latn,1.0,the origin of the Russian guitar,,,,,,,,,,,,,,,
INEX_LD-20120232,guitar origin blues,1.0,0,,,,,,,,,,,,,,,,,,,,,,,,,,,,,,
INEX_LD-20120311,tango culture movies,0.5,7,backtranslation_kor_hang,1.0,The Tango culture film,backtranslation_arb_arab,1.0,The tango culture films,backtranslation_fra_latn,1.0,films of tango culture,backtranslation_deu_latn,1.0,Cultural films of tango,backtranslation_rus_cyrl,1.0,The film of tango culture,backtranslation_zsm_latn,1.0,tango culture film,backtranslation_tam_taml,1.0,The Tangos cultural films,,,,,,,,,
INEX_LD-20120312,tango culture countries,1.0,0,,,,,,,,,,,,,,,,,,,,,,,,,,,,,,
INEX_LD-20120321,tango music  composers,1.0,0,,,,,,,,,,,,,,,,,,,,,,,,,,,,,,
INEX_LD-20120322,tango music instruments,1.0,0,,,,,,,,,,,,,,,,,,,,,,,,,,,,,,
INEX_LD-20120331,tango dance styles,1.0,0,,,,,,,,,,,,,,,,,,,,,,,,,,,,,,
INEX_LD-20120332,tango dance history,1.0,0,,,,,,,,,,,,,,,,,,,,,,,,,,,,,,
INEX_LD-20120411,bicycle sport races,1.0,0,,,,,,,,,,,,,,,,,,,,,,,,,,,,,,
INEX_LD-20120412,bicycle sport disciplines,1.0,0,,,,,,,,,,,,,,,,,,,,,,,,,,,,,,
INEX_LD-20120421,bicycle holiday towns,0.05,1,backtranslation_swh_latn,0.1667,holiday villages for bicycles,,,,,,,,,,,,,,,,,,,,,,,,,,,
INEX_LD-20120422,bicycle holiday nature,0.3333,2,backtranslation_arb_arab,1.0,The nature of the bike holiday,backtranslation_pes_arab,1.0,The nature of the bike holiday,,,,,,,,,,,,,,,,,,,,,,,,
INEX_LD-20120431,bicycle benefits health,0.1111,0,,,,,,,,,,,,,,,,,,,,,,,,,,,,,,
INEX_LD-20120432,bicycle benefits environment,1.0,0,,,,,,,,,,,,,,,,,,,,,,,,,,,,,,
INEX_LD-20120511,female rock singers,0.5,1,backtranslation_yue_hant,1.0,She is a female rock singer,,,,,,,,,,,,,,,,,,,,,,,,,,,
INEX_LD-20120512,south korean girl groups,1.0,0,,,,,,,,,,,,,,,,,,,,,,,,,,,,,,
INEX_LD-20120521,electronic music genres,1.0,0,,,,,,,,,,,,,,,,,,,,,,,,,,,,,,
INEX_LD-20120522,digital music notation formats,0.3333,0,,,,,,,,,,,,,,,,,,,,,,,,,,,,,,
INEX_LD-20120531,music conferences,1.0,0,,,,,,,,,,,,,,,,,,,,,,,,,,,,,,
INEX_LD-20120532,intellectual property rights lobby,0.5,2,backtranslation_yue_hant,1.0,The intellectual property movement,backtranslation_tam_taml,1.0,Intellectual property rights,,,,,,,,,,,,,,,,,,,,,,,,
INEX_LD-2009022,Szechwan dish food cuisine,1.0,0,,,,,,,,,,,,,,,,,,,,,,,,,,,,,,
INEX_LD-2009039,roman architecture,1.0,0,,,,,,,,,,,,,,,,,,,,,,,,,,,,,,
INEX_LD-2009053,finland car industry manufacturer saab sisu,0.3333,8,backtranslation_tam_taml,1.0,Sappha Sysu  Finnish automotive manufacturer,backtranslation_yue_hant,0.5,Finnish car manufacturer Saab sisu,backtranslation_pes_arab,0.5,Finnish car manufacturer saab sisu,backtranslation_fra_latn,0.5,Finnish manufacturer of cars saab sisu,backtranslation_deu_latn,0.5,Finnish car manufacturer saab sisu,backtranslation_rus_cyrl,0.5,Finnish manufacturer of cars saab sisu,backtranslation_zsm_latn,0.5,Finnish car manufacturer saab sisu,backtranslation_swh_latn,0.5,Finnish car manufacturer saab sisu,,,,,,
INEX_LD-2009061,france second world war normandy,1.0,0,,,,,,,,,,,,,,,,,,,,,,,,,,,,,,
INEX_LD-2009062,social network group selection,0.1667,1,backtranslation_yue_hant,0.5,Social networking groups,,,,,,,,,,,,,,,,,,,,,,,,,,,
INEX_LD-2009063,D-Day normandy invasion,1.0,0,,,,,,,,,,,,,,,,,,,,,,,,,,,,,,
INEX_LD-2009074,web ranking scoring algorithm,1.0,0,,,,,,,,,,,,,,,,,,,,,,,,,,,,,,
INEX_LD-2009096,Eiffel,1.0,0,,,,,,,,,,,,,,,,,,,,,,,,,,,,,,
INEX_LD-2009111,europe solar power facility,1.0,0,,,,,,,,,,,,,,,,,,,,,,,,,,,,,,
INEX_LD-2009115,virtual museums,1.0,0,,,,,,,,,,,,,,,,,,,,,,,,,,,,,,
INEX_LD-2010004,Indian food,1.0,0,,,,,,,,,,,,,,,,,,,,,,,,,,,,,,
INEX_LD-2010014,composer museum,0.1667,0,,,,,,,,,,,,,,,,,,,,,,,,,,,,,,
INEX_LD-2010019,gallo roman architecture in paris,0.0137,1,backtranslation_yue_hant,0.025,Roman architecture in Paris,,,,,,,,,,,,,,,,,,,,,,,,,,,
INEX_LD-2010020,electricity source in France,0.2,1,backtranslation_tam_taml,1.0,Electricity in France,,,,,,,,,,,,,,,,,,,,,,,,,,,
INEX_LD-2010037,social network API,1.0,0,,,,,,,,,,,,,,,,,,,,,,,,,,,,,,
INEX_LD-2010043,List of films from the surrealist category,1.0,0,,,,,,,,,,,,,,,,,,,,,,,,,,,,,,
INEX_LD-2010057,Einstein Relativity theory,1.0,0,,,,,,,,,,,,,,,,,,,,,,,,,,,,,,
INEX_LD-2010069,summer flowers,0.2,0,,,,,,,,,,,,,,,,,,,,,,,,,,,,,,
INEX_LD-2010100,house concrete wood,1.0,0,,,,,,,,,,,,,,,,,,,,,,,,,,,,,,
INEX_LD-2010106,organic food advantages disadvantages,0.0033,7,backtranslation_pes_arab,0.1429,Benefits of Organic Foods,backtranslation_tam_taml,0.1429,The benefits of organic food,backtranslation_zsm_latn,0.1111,The advantages of organic food,backtranslation_swh_latn,0.0588,benefits of organic food loss,backtranslation_yue_hant,0.027,The disadvantages of organic food,backtranslation_fra_latn,0.0137,Benefits of organic food disadvantages,backtranslation_deu_latn,0.0137,Benefits of organic food Disadvantages,,,,,,,,,
INEX_LD-2012301,Niagara falls origin lake,1.0,0,,,,,,,,,,,,,,,,,,,,,,,,,,,,,,
INEX_LD-2012303, Valley fever fungal infection San Joaquin,0.3333,1,backtranslation_tam_taml,0.5,The Valley Fever Fungus Disease San Joaquin,,,,,,,,,,,,,,,,,,,,,,,,,,,
INEX_LD-2012305,North Dakota's lowest river of another colour,0.1429,3,backtranslation_yue_hant,0.3333,Lower rivers in North Dakota,backtranslation_zsm_latn,0.3333,The lower North Dakota River is a different color,backtranslation_swh_latn,0.3333,The lower North Dakota River of other colors,,,,,,,,,,,,,,,,,,,,,
INEX_LD-2012307," July, 1850  president died Millard Fillmore sworn following day",0.5,0,,,,,,,,,,,,,,,,,,,,,,,,,,,,,,
INEX_LD-2012309,residents small island city-state  Malay Peninsula Chinese,0.1111,4,backtranslation_tam_taml,1.0,The small island city state Malaysian peninsula Chinese,backtranslation_kor_hang,0.1667,Small island city state Malay Peninsula China,backtranslation_zsm_latn,0.1429,small island nation city state of the Malay Peninsula of China,backtranslation_deu_latn,0.125,Inhabitants of small island city state Malay Peninsula Chinese,,,,,,,,,,,,,,,,,,
INEX_LD-2012311,John Lennon Yoko Ono album Starting Over,1.0,0,,,,,,,,,,,,,,,,,,,,,,,,,,,,,,
INEX_LD-2012313,John Turturro 1991 Coen Brothers film,1.0,0,,,,,,,,,,,,,,,,,,,,,,,,,,,,,,
INEX_LD-2012315,Baguio Quezon City  Manila official independence 1945,0.3333,0,,,,,,,,,,,,,,,,,,,,,,,,,,,,,,
INEX_LD-2012317,daggeroso inclined to use a dagger novel Sons and Lovers,0.2,2,backtranslation_arb_arab,0.25,The animated tends to use the animated novel Sons and Lovers,backtranslation_tam_taml,0.25,The knife novel Sons and Lovers would like to use,,,,,,,,,,,,,,,,,,,,,,,,
INEX_LD-2012318,Directed Bela Glen Glenda Bride Monster Plan 9 Outer Space,0.2,5,backtranslation_arb_arab,0.25,Director Bella Glenn Glinda is the bug party of Plan   Outer Space,backtranslation_fra_latn,0.25,Directed by Bela Glen Glenda Bride Monster Plan,backtranslation_deu_latn,0.25,Directed by Bela Glen Glenda Bride Monster Plan   Space,backtranslation_zsm_latn,0.25,Directed by Bela Glen Glenda Bride Monster Plan,backtranslation_swh_latn,0.25,Directed by Bela Glen Glenda Bride Monster Plan,,,,,,,,,,,,,,,
INEX_LD-2012319, 1994 short story collection Alice Munro is Open,1.0,0,,,,,,,,,,,,,,,,,,,,,,,,,,,,,,
INEX_LD-2012321,Asian port state-city Sir Stamford Raffles,1.0,0,,,,,,,,,,,,,,,,,,,,,,,,,,,,,,
INEX_LD-2012323,Large glaciers island nation Langjokull Hofsjokull Vatnajokull,0.1667,3,backtranslation_tam_taml,0.3333,The Great Glacier Island Nation of Langjökul Hofsjökul and Watnökul,backtranslation_pes_arab,0.2,The great glaciers of the Langokull island nation of Hofsjokull Vatnajokull,backtranslation_swh_latn,0.2,The largest island nation is Langjokull Hofsjokull Vatnajokull,,,,,,,,,,,,,,,,,,,,,
INEX_LD-2012325,successor James G. Blaine studied law,1.0,0,,,,,,,,,,,,,,,,,,,,,,,,,,,,,,
INEX_LD-2012327,Beloved author African-American Nobel Prize Literature,1.0,0,,,,,,,,,,,,,,,,,,,,,,,,,,,,,,
INEX_LD-2012329,Sweden Iceland currency,0.5,6,backtranslation_yue_hant,1.0,Swedish currency,backtranslation_kor_hang,1.0,Swedish currency,backtranslation_arb_arab,1.0,Swedish currency,backtranslation_fra_latn,1.0,Swedish currency,backtranslation_rus_cyrl,1.0,Swedish currency,backtranslation_tam_taml,1.0,Swedish currency,,,,,,,,,,,,
INEX_LD-2012331,Seoul Korea river name ethnic group China,0.0909,5,backtranslation_arb_arab,1.0,The name of the Seoul River is Korea,backtranslation_swh_latn,0.5,Seoul Korea name of river China,backtranslation_kor_hang,0.3333,South Korean river name ethnic group China,backtranslation_yue_hant,0.25,South Korean name of the river  ethnic group  Chinese,backtranslation_pes_arab,0.2,The name of the Seoul River is Korean for the ethnic group of China,,,,,,,,,,,,,,,
INEX_LD-2012333,Prime minister Canada nicknamed Silver-Tongued Laurier longest unbroken term,1.0,0,,,,,,,,,,,,,,,,,,,,,,,,,,,,,,
INEX_LD-2012335,U.S. president authorise nuclear weapons against Japan,0.125,10,backtranslation_tam_taml,1.0,The President of the United States authorizes nuclear weapons against Japan,backtranslation_swh_latn,1.0,U S  president to allow nuclear weapons against Japan,backtranslation_yue_hant,0.5,The US President authorized Japanese nuclear weapons,backtranslation_kor_hang,0.5,The President of the United States has approved nuclear weapons against Japan,backtranslation_arb_arab,0.5,The US president allows nuclear weapons against Japan,backtranslation_pes_arab,0.5,The US President authorizes nuclear weapons against Japan,backtranslation_fra_latn,0.5,US President authorizes nuclear weapons against Japan,backtranslation_zsm_latn,0.5,The US president authorized nuclear weapons against Japan,backtranslation_deu_latn,0.3333,US presidents approve nuclear weapons against Japan,backtranslation_rus_cyrl,0.3333,The President of the United States has authorized nuclear weapons against Japan
INEX_LD-2012336,1906 territory Papua island Australian,0.5,0,,,,,,,,,,,,,,,,,,,,,,,,,,,,,,
INEX_LD-2012337,Texas city Baylor University tornado 1953,0.5,0,,,,,,,,,,,,,,,,,,,,,,,,,,,,,,
INEX_LD-2012339,Nelson Mandela John Dube,0.2,3,backtranslation_rus_cyrl,0.5,Nelson Mandela and John Dub,backtranslation_pes_arab,0.3333,Nelson Mandela and John Dubey,backtranslation_kor_hang,0.25,Nelson Mandela  John Dewey  and the,,,,,,,,,,,,,,,,,,,,,
INEX_LD-2012341,1997  Houston airport president,1.0,0,,,,,,,,,,,,,,,,,,,,,,,,,,,,,,
INEX_LD-2012343,The Heart of a Woman poet's autobiography,1.0,0,,,,,,,,,,,,,,,,,,,,,,,,,,,,,,
INEX_LD-2012345,Kennedy assassination governor of Texas seriously injured,1.0,0,,,,,,,,,,,,,,,,,,,,,,,,,,,,,,
INEX_LD-2012347,seat Florida country Dade,1.0,0,,,,,,,,,,,,,,,,,,,,,,,,,,,,,,
INEX_LD-2012349,Alexander Nevsky Cathedral Bulgarian city liberation Turks,1.0,0,,,,,,,,,,,,,,,,,,,,,,,,,,,,,,
INEX_LD-2012351,Indian Cuisine dish rice dhal vegetables roti papad,1.0,0,,,,,,,,,,,,,,,,,,,,,,,,,,,,,,
INEX_LD-2012353,country German language,0.5,2,backtranslation_fra_latn,1.0,German national language,backtranslation_swh_latn,1.0,German language,,,,,,,,,,,,,,,,,,,,,,,,
INEX_LD-2012354,greatest guitarist,1.0,0,,,,,,,,,,,,,,,,,,,,,,,,,,,,,,
INEX_LD-2012355,England football player highest paid,1.0,0,,,,,,,,,,,,,,,,,,,,,,,,,,,,,,
INEX_LD-2012357, prima ballerina Bolshoi Theatre 1960,0.1,7,backtranslation_kor_hang,1.0,The Bolshoi Theatre in,backtranslation_arb_arab,1.0,The pioneer of the Bolshoi Theatre of the     s,backtranslation_pes_arab,1.0,Perma Baller of the Bolshoi Theatre of,backtranslation_tam_taml,1.0,The Bolshoi Theatre of Primalina in,backtranslation_yue_hant,0.5,A dancer at the Bolshoi Theatre in,backtranslation_deu_latn,0.5,Primo dancer of the Bolshoi Theatre,backtranslation_fra_latn,0.25,First dancer of the Bolshoi Theatre,,,,,,,,,
INEX_LD-2012359, Bob Ricker Executive Director the latest front group for the anti-gun movement,1.0,0,,,,,,,,,,,,,,,,,,,,,,,,,,,,,,
INEX_LD-2012361,most famous award winning actor singer,1.0,0,,,,,,,,,,,,,,,,,,,,,,,,,,,,,,
INEX_LD-2012363,American twins famous  American professional tennis double players,1.0,0,,,,,,,,,,,,,,,,,,,,,,,,,,,,,,
INEX_LD-2012365,mathematician computer scientist MIT's six inaugural MacVicar Faculty Fellows,0.0769,4,backtranslation_fra_latn,1.0,The first six MacVicar faculty fellows,backtranslation_arb_arab,0.5,Mathematician and computer scientist at MIT  Six MacVicer College fellows,backtranslation_rus_cyrl,0.0909,Mathematician  computer scientist at MIT  first six MacVicar fellows,backtranslation_deu_latn,0.0833,Mathematician and computer scientist  six MacVicar faculty fellows at MIT,,,,,,,,,,,,,,,,,,
INEX_LD-2012367,invented telescope,1.0,0,,,,,,,,,,,,,,,,,,,,,,,,,,,,,,
INEX_LD-2012369,most famous civic-military airports,0.5,7,backtranslation_yue_hant,1.0,The most famous civil and military airports,backtranslation_arb_arab,1.0,The most famous civil and military airports,backtranslation_pes_arab,1.0,The most famous civil and military airports,backtranslation_fra_latn,1.0,the most famous civil and military airports,backtranslation_deu_latn,1.0,most famous civil and military airports,backtranslation_rus_cyrl,1.0,most famous civil military airports,backtranslation_tam_taml,1.0,The most famous civil military airports,,,,,,,,,
INEX_LD-2012371,most beautiful railway stations world cities located,0.3333,2,backtranslation_rus_cyrl,1.0,The most beautiful railway stations in the world are located in,backtranslation_tam_taml,0.5,The world s most beautiful railway stations are located in cities,,,,,,,,,,,,,,,,,,,,,,,,
INEX_LD-2012372,famous historical battlefields opponents fought,1.0,0,,,,,,,,,,,,,,,,,,,,,,,,,,,,,,
INEX_LD-2012373,birds cannot fly,1.0,0,,,,,,,,,,,,,,,,,,,,,,,,,,,,,,
INEX_LD-2012375,animals lay eggs mammals,1.0,0,,,,,,,,,,,,,,,,,,,,,,,,,,,,,,
INEX_LD-2012377,allegedly caused World War I,0.5,4,backtranslation_fra_latn,1.0,would have caused World War I,backtranslation_rus_cyrl,1.0,It was the cause of World War I,backtranslation_zsm_latn,1.0,Accused of causing World War I,backtranslation_tam_taml,1.0,The first world war was the cause of the war,,,,,,,,,,,,,,,,,,
INEX_LD-2012381,movie directors directed a block buster,0.5,0,,,,,,,,,,,,,,,,,,,,,,,,,,,,,,
INEX_LD-2012383,famous computer scientists disappeared at sea,1.0,0,,,,,,,,,,,,,,,,,,,,,,,,,,,,,,
INEX_LD-2012385,famous politicians vegetarians,0.2,1,backtranslation_yue_hant,0.25,He was a famous politician  a vegetarian,,,,,,,,,,,,,,,,,,,,,,,,,,,
INEX_LD-2012387,famous river confluence dam constructed,0.1429,0,,,,,,,,,,,,,,,,,,,,,,,,,,,,,,
INEX_LD-2012389,frequently visited sharks gulf Indian Ocean,0.125,3,backtranslation_deu_latn,1.0,Common Sharks in the Indian Ocean,backtranslation_pes_arab,0.3333,Repeated shark in the Indian Ocean,backtranslation_tam_taml,0.2,The most frequented sharks are the Indian Ocean Gulf,,,,,,,,,,,,,,,,,,,,,
INEX_LD-2012390,baseball player most homeruns national league,0.0833,8,backtranslation_arb_arab,1.0,Baseball player most of the home runs of the National League,backtranslation_fra_latn,1.0,Most home runs by a baseball player in the National League,backtranslation_deu_latn,1.0,Baseball player with the most home runs in the National League,backtranslation_rus_cyrl,1.0,Major league baseball player with the most home runs,backtranslation_tam_taml,1.0,National League Baseball player with most home runs,backtranslation_swh_latn,1.0,baseball player home runs most national league,backtranslation_kor_hang,0.5,Most home runs in baseball,backtranslation_yue_hant,0.2,Baseball players are the most dominant players in the National League,,,,,,
INEX_XER-60,olympic classes dinghy sailing,1.0,0,,,,,,,,,,,,,,,,,,,,,,,,,,,,,,
INEX_XER-62,Neil Gaiman novels,1.0,0,,,,,,,,,,,,,,,,,,,,,,,,,,,,,,
INEX_XER-63,Hugo awarded best novels,1.0,0,,,,,,,,,,,,,,,,,,,,,,,,,,,,,,
INEX_XER-64,Alan Moore graphic novels adapted to film,0.5,4,backtranslation_yue_hant,1.0,Alan Moore s graphic novel was made into a movie,backtranslation_kor_hang,1.0,Alan Moore s graphic novel adapted from the movie,backtranslation_arb_arab,1.0,Alan Moore s graphic novels are being made into a movie,backtranslation_swh_latn,1.0,Alan Moore graphic novels related to film,,,,,,,,,,,,,,,,,,
INEX_XER-65,Pacific navigators Australia explorers,1.0,0,,,,,,,,,,,,,,,,,,,,,,,,,,,,,,
INEX_XER-67,Ferris and observation wheels,1.0,0,,,,,,,,,,,,,,,,,,,,,,,,,,,,,,
INEX_XER-72,films shot in Venice,1.0,0,,,,,,,,,,,,,,,,,,,,,,,,,,,,,,
INEX_XER-73,magazines about indie-music,1.0,0,,,,,,,,,,,,,,,,,,,,,,,,,,,,,,
INEX_XER-74,circus mammals,0.2,0,,,,,,,,,,,,,,,,,,,,,,,,,,,,,,
INEX_XER-79,Works by Charles Rennie Mackintosh,1.0,0,,,,,,,,,,,,,,,,,,,,,,,,,,,,,,
INEX_XER-81,Movies about English hooligans,1.0,0,,,,,,,,,,,,,,,,,,,,,,,,,,,,,,
INEX_XER-86,List of countries in World War Two,0.3333,9,backtranslation_yue_hant,1.0,List of countries from World War II,backtranslation_kor_hang,1.0,List of countries of World War II,backtranslation_arb_arab,1.0,List of countries in World War II,backtranslation_fra_latn,1.0,List of countries of World War II,backtranslation_deu_latn,1.0,List of countries in World War II,backtranslation_zsm_latn,1.0,List of countries in World War II,backtranslation_swh_latn,1.0,List of countries that participated in World War II,backtranslation_pes_arab,0.5,List of countries involved in World War II,backtranslation_tam_taml,0.5,List of countries involved in World War II,,,
INEX_XER-87,Axis powers of World War II,1.0,0,,,,,,,,,,,,,,,,,,,,,,,,,,,,,,
INEX_XER-88,Nordic authors who are known for children's literature,1.0,0,,,,,,,,,,,,,,,,,,,,,,,,,,,,,,
INEX_XER-91,Paul Auster novels,1.0,0,,,,,,,,,,,,,,,,,,,,,,,,,,,,,,
INEX_XER-94,Hybrid cars sold in Europe,0.3333,0,,,,,,,,,,,,,,,,,,,,,,,,,,,,,,
INEX_XER-95,Tom Hanks movies where he plays a leading role.,1.0,0,,,,,,,,,,,,,,,,,,,,,,,,,,,,,,
INEX_XER-96,Pure object-oriented programing languages,1.0,0,,,,,,,,,,,,,,,,,,,,,,,,,,,,,,
INEX_XER-97,Compilers that can compile both C and C++,1.0,0,,,,,,,,,,,,,,,,,,,,,,,,,,,,,,
INEX_XER-98,Makers of lawn tennis rackets,0.1667,7,backtranslation_fra_latn,1.0,Manufacturers of lawn tennis rackets,backtranslation_deu_latn,1.0,Manufacturers of lawn tennis rackets,backtranslation_rus_cyrl,1.0,Manufacturers of lawn tennis rockets,backtranslation_zsm_latn,1.0,Manufacturer of lawn tennis rackets,backtranslation_tam_taml,1.0,The manufacturers of lawn tennis rackets,backtranslation_swh_latn,1.0,Manufacturers of lawn tennis rackets,backtranslation_kor_hang,0.25,We re a manufacturer of lawn tennis racquets,,,,,,,,,
INEX_XER-99,Computer systems that have a recursive acronym for the name,1.0,0,,,,,,,,,,,,,,,,,,,,,,,,,,,,,,
INEX_XER-100,Operating systems to which Steve Jobs related,0.2,5,backtranslation_pes_arab,1.0,The operating systems that Steve Jobs is associated with,backtranslation_fra_latn,1.0,Operating systems associated with Steve Jobs,backtranslation_swh_latn,0.5,Operating systems that Steve Jobs was involved in,backtranslation_zsm_latn,0.25,The operating system related to Steve Jobs,backtranslation_tam_taml,0.25,Steve Jobs related operating systems,,,,,,,,,,,,,,,
INEX_XER-106,Noble english person from the Hundred Years' War,1.0,0,,,,,,,,,,,,,,,,,,,,,,,,,,,,,,
INEX_XER-108,State capitals of the United States of America,0.1667,9,backtranslation_pes_arab,1.0,Capital cities of the United States,backtranslation_fra_latn,1.0,Capital cities of the United States of America,backtranslation_deu_latn,1.0,Capital cities of the United States of America,backtranslation_rus_cyrl,1.0,Capital cities of the United States of America,backtranslation_zsm_latn,0.5,Capital of the United States,backtranslation_tam_taml,0.5,The capitals of the United States,backtranslation_swh_latn,0.5,The capital of the United States,backtranslation_kor_hang,0.2,The capital of the United States of America,backtranslation_arb_arab,0.2,The capitals of the United States of America,,,
INEX_XER-109,National capitals situated on islands,0.0833,5,backtranslation_yue_hant,0.125,The capital of the island nation,backtranslation_arb_arab,0.125,National capitals on the islands,backtranslation_pes_arab,0.125,National capitals on the islands,backtranslation_zsm_latn,0.125,The capital of the island nation,backtranslation_swh_latn,0.125,The capital of the island nation,,,,,,,,,,,,,,,
INEX_XER-110,Nobel Prize in Literature winners who were also poets,0.1429,2,backtranslation_kor_hang,0.3333,Nobel Prize winner in literature  also poet,backtranslation_zsm_latn,0.25,Nobel Prize winner in Literature who was also a poet,,,,,,,,,,,,,,,,,,,,,,,,
INEX_XER-113,Formula 1 drivers that won the Monaco Grand Prix,0.1111,8,backtranslation_yue_hant,1.0,The Monaco Grand Prix F  racer,backtranslation_deu_latn,0.5,Formula One drivers who have won the Monaco Grand Prix,backtranslation_kor_hang,0.125,Formula One driver who won the Monaco Grand Prix,backtranslation_arb_arab,0.125,The Formula One drivers who won the Monaco Grand Prix,backtranslation_pes_arab,0.125,Formula One drivers who won the Monaco Grand Prix,backtranslation_fra_latn,0.125,Formula One drivers who won the Monaco Grand Prix,backtranslation_rus_cyrl,0.125,Formula One drivers who won the Monaco Grand Prix,backtranslation_zsm_latn,0.125,Formula One driver who won the Monaco Grand Prix,,,,,,
INEX_XER-114,Formula one races in Europe,1.0,0,,,,,,,,,,,,,,,,,,,,,,,,,,,,,,
INEX_XER-115,Formula One World Constructors' Champions,1.0,0,,,,,,,,,,,,,,,,,,,,,,,,,,,,,,
INEX_XER-116,Italian nobel prize winners,1.0,0,,,,,,,,,,,,,,,,,,,,,,,,,,,,,,
INEX_XER-117,Musicians who appeared in the Blues Brothers movies,1.0,0,,,,,,,,,,,,,,,,,,,,,,,,,,,,,,
INEX_XER-118,French car models in 1960's,0.0833,0,,,,,,,,,,,,,,,,,,,,,,,,,,,,,,
INEX_XER-119,Swiss cantons where they speak German,1.0,0,,,,,,,,,,,,,,,,,,,,,,,,,,,,,,
INEX_XER-121,US presidents since 1960,1.0,0,,,,,,,,,,,,,,,,,,,,,,,,,,,,,,
INEX_XER-122,Movies with eight or more Academy Awards,0.1111,2,backtranslation_arb_arab,0.5,Movies that have won eight or more Academy Awards,backtranslation_tam_taml,0.3333,The film won eight or more Academy Awards,,,,,,,,,,,,,,,,,,,,,,,,
INEX_XER-123,FIFA world cup national team winners since 1974,0.25,8,backtranslation_yue_hant,0.5,The national team that has won the FIFA World Cup since,backtranslation_pes_arab,0.5,The winners of the FIFA World Cup since,backtranslation_rus_cyrl,0.5,Winners of the world cup since,backtranslation_kor_hang,0.3333,National team winner of the FIFA World Cup since,backtranslation_arb_arab,0.3333,National team winner of the FIFA World Cup since,backtranslation_zsm_latn,0.3333,National team winner of the FIFA World Cup since,backtranslation_tam_taml,0.3333,National team winners of the FIFA World Cup since,backtranslation_swh_latn,0.3333,Winners of the national team of the FIFA World Cup since,,,,,,
INEX_XER-124,Novels that won the Booker Prize,1.0,0,,,,,,,,,,,,,,,,,,,,,,,,,,,,,,
INEX_XER-125,countries which have won the FIFA world cup,0.3333,10,backtranslation_pes_arab,1.0,FIFA World Cup winners,backtranslation_tam_taml,1.0,FIFA World Cup winners,backtranslation_yue_hant,0.5,The country that won the World Cup,backtranslation_kor_hang,0.5,The country that won the FIFA World Cup,backtranslation_arb_arab,0.5,Countries that have won the FIFA World Cup,backtranslation_fra_latn,0.5,countries that have won the FIFA World Cup,backtranslation_deu_latn,0.5,Countries that have won the FIFA World Cup,backtranslation_rus_cyrl,0.5,countries that have won the World Cup,backtranslation_zsm_latn,0.5,countries that have won the FIFA World Cup,backtranslation_swh_latn,0.5,countries that have won the FIFA World Cup
INEX_XER-126,toy train manufacturers that are still in business,1.0,0,,,,,,,,,,,,,,,,,,,,,,,,,,,,,,
INEX_XER-127,german female politicians,1.0,0,,,,,,,,,,,,,,,,,,,,,,,,,,,,,,
INEX_XER-128,Bond girls,1.0,0,,,,,,,,,,,,,,,,,,,,,,,,,,,,,,
INEX_XER-129,Science fiction book written in the 1980,1.0,0,,,,,,,,,,,,,,,,,,,,,,,,,,,,,,
INEX_XER-130,Star Trek Captains,0.5,0,,,,,,,,,,,,,,,,,,,,,,,,,,,,,,
INEX_XER-132,living nordic classical composers,1.0,0,,,,,,,,,,,,,,,,,,,,,,,,,,,,,,
INEX_XER-133,EU countries,1.0,0,,,,,,,,,,,,,,,,,,,,,,,,,,,,,,
INEX_XER-134,record-breaking sprinters in male 100-meter sprints,0.5,0,,,,,,,,,,,,,,,,,,,,,,,,,,,,,,
INEX_XER-135,professional baseball team in Japan,1.0,0,,,,,,,,,,,,,,,,,,,,,,,,,,,,,,
INEX_XER-136,Japanese players in Major League Baseball,1.0,0,,,,,,,,,,,,,,,,,,,,,,,,,,,,,,
INEX_XER-138,National Parks East Coast Canada US,0.5,3,backtranslation_kor_hang,1.0,National Park on the east coast of Canada,backtranslation_rus_cyrl,1.0,National parks of the Eastern coast of Canada,backtranslation_swh_latn,1.0,National Parks on the East Coast of Canada,,,,,,,,,,,,,,,,,,,,,
INEX_XER-139,Films directed by Akira Kurosawa,1.0,0,,,,,,,,,,,,,,,,,,,,,,,,,,,,,,
INEX_XER-140,Airports in Germany,1.0,0,,,,,,,,,,,,,,,,,,,,,,,,,,,,,,
INEX_XER-141,Universities in Catalunya,1.0,0,,,,,,,,,,,,,,,,,,,,,,,,,,,,,,
INEX_XER-143,Hanseatic league in Germany in the Netherlands Circle,0.1667,3,backtranslation_rus_cyrl,0.25,The Hanseatic League in Germany in the Netherlands,backtranslation_tam_taml,0.25,The Hanseatic League in Germany in the Netherlands,backtranslation_yue_hant,0.2,The German Hanseatic League  the Dutch Circuit,,,,,,,,,,,,,,,,,,,,,
INEX_XER-144,chess world champions,1.0,0,,,,,,,,,,,,,,,,,,,,,,,,,,,,,,
INEX_XER-147,Chemical elements that are named after people,0.2,0,,,,,,,,,,,,,,,,,,,,,,,,,,,,,,
QALD2_te-1,Which German cities have more than 250000 inhabitants?,0.0714,10,backtranslation_yue_hant,1.0,Which city in Germany has more than         people,backtranslation_zsm_latn,1.0,Which city in Germany has more than        inhabitants,backtranslation_pes_arab,0.5,Which German cities have a population of more than,backtranslation_swh_latn,0.5,What cities in Germany have more than         inhabitants,backtranslation_fra_latn,0.3333,Which German cities have more than         inhabitants,backtranslation_kor_hang,0.25,Are German cities cities with a population of over,backtranslation_arb_arab,0.1667,What German city has more than         inhabitants,backtranslation_deu_latn,0.125,What German cities have more than         inhabitants,backtranslation_rus_cyrl,0.125,What German cities have more than         inhabitants,backtranslation_tam_taml,0.125,What German cities have more than         inhabitants
QALD2_te-2,Who was the successor of John F. Kennedy?,0.0556,8,backtranslation_tam_taml,0.1,Who is next to John F  Kennedy,backtranslation_kor_hang,0.0769,Who was John F  Kennedy s successor,backtranslation_arb_arab,0.0769,Who was John F  Kennedy s successor,backtranslation_pes_arab,0.0769,Who was John F  Kennedy s successor,backtranslation_fra_latn,0.0769,Who was John F  Kennedy s successor,backtranslation_deu_latn,0.0769,Who was John F  Kennedy s successor,backtranslation_rus_cyrl,0.0769,Who was John F  Kennedy s successor,backtranslation_swh_latn,0.0769,Who was John F  Kennedy s successor,,,,,,
QALD2_te-3,Who is the mayor of Berlin?,0.3333,0,,,,,,,,,,,,,,,,,,,,,,,,,,,,,,
QALD2_te-5,What is the second highest mountain on Earth?,0.5,0,,,,,,,,,,,,,,,,,,,,,,,,,,,,,,
QALD2_te-6,Give me all professional skateboarders from Sweden.,0.2,3,backtranslation_yue_hant,1.0,To all the professional skateboarders from Sweden,backtranslation_kor_hang,0.5,Give me all the Swedish professional skateboards,backtranslation_pes_arab,0.5,Give me all the Swedish professional skateboards,,,,,,,,,,,,,,,,,,,,,
QALD2_te-8,To which countries does the Himalayan mountain system extend?,0.3333,7,backtranslation_yue_hant,1.0,Which country is the Himalayas,backtranslation_kor_hang,1.0,What country is the Himalayan Range,backtranslation_pes_arab,1.0,To what countries does the Himalayas extend,backtranslation_deu_latn,1.0,What countries are the Himalayan mountain range extending into,backtranslation_rus_cyrl,1.0,What countries are the Himalayan mountain range extending into,backtranslation_tam_taml,1.0,What countries have Himalayan mountains,backtranslation_fra_latn,0.5,In what countries is the Himalayan mountain system extended,,,,,,,,,
QALD2_te-9,Give me a list of all trumpet players that were bandleaders.,1.0,0,,,,,,,,,,,,,,,,,,,,,,,,,,,,,,
QALD2_te-11,Who is the Formula 1 race driver with the most races?,0.0204,8,backtranslation_kor_hang,0.0333,Who s the Formula One driver with the most races,backtranslation_arb_arab,0.0333,Who s the Formula One driver with the most races,backtranslation_fra_latn,0.0333,Who s the most raced Formula One driver,backtranslation_deu_latn,0.0333,Who s the Formula One driver with the most races,backtranslation_zsm_latn,0.0333,Who s the most racing Formula One driver,backtranslation_pes_arab,0.0244,Who s the most competitive Formula One driver,backtranslation_tam_taml,0.0244,Who is the most successful Formula   driver,backtranslation_rus_cyrl,0.0227,Who s the most successful Formula One driver,,,,,,
QALD2_te-12,Give me all world heritage sites designated within the past five years.,0.5,2,backtranslation_deu_latn,1.0,Give me all the world heritage sites that have been exhibited in the last five years,backtranslation_tam_taml,1.0,Give me everything that has been declared World Heritage Sites in the last five years,,,,,,,,,,,,,,,,,,,,,,,,
QALD2_te-13,Who is the youngest player in the Premier League?,0.5,0,,,,,,,,,,,,,,,,,,,,,,,,,,,,,,
QALD2_te-14,Give me all members of Prodigy.,0.0417,1,backtranslation_zsm_latn,0.05,Give it to all the Prodigy members,,,,,,,,,,,,,,,,,,,,,,,,,,,
QALD2_te-15,What is the longest river?,0.5,0,,,,,,,,,,,,,,,,,,,,,,,,,,,,,,
QALD2_te-17,Give me all cars that are produced in Germany.,0.0769,0,,,,,,,,,,,,,,,,,,,,,,,,,,,,,,
QALD2_te-19,Give me all people that were born in Vienna and died in Berlin.,0.0192,1,backtranslation_yue_hant,0.0286,To all of me who were born in Vienna and died in Berlin,,,,,,,,,,,,,,,,,,,,,,,,,,,
QALD2_te-21,What is the capital of Canada?,0.0149,0,,,,,,,,,,,,,,,,,,,,,,,,,,,,,,
QALD2_te-22,Who is the governor of Texas?,1.0,0,,,,,,,,,,,,,,,,,,,,,,,,,,,,,,
QALD2_te-24,Who was the father of Queen Elizabeth II?,1.0,0,,,,,,,,,,,,,,,,,,,,,,,,,,,,,,
QALD2_te-25,Which U.S. state has been admitted latest?,0.5,0,,,,,,,,,,,,,,,,,,,,,,,,,,,,,,
QALD2_te-27,Sean Parnell is the governor of which U.S. state?,1.0,0,,,,,,,,,,,,,,,,,,,,,,,,,,,,,,
QALD2_te-28,Give me all movies directed by Francis Ford Coppola.,1.0,0,,,,,,,,,,,,,,,,,,,,,,,,,,,,,,
QALD2_te-29,Give me all actors starring in movies directed by and starring William Shatner.,0.5,1,backtranslation_zsm_latn,1.0,Give me all the actors who starred in the films directed by and starring William Shatner,,,,,,,,,,,,,,,,,,,,,,,,,,,
QALD2_te-31,Give me all current Methodist national leaders.,0.1111,1,backtranslation_tam_taml,0.1429,Give me all the current national leaders of the Methodist Church,,,,,,,,,,,,,,,,,,,,,,,,,,,
QALD2_te-33,Give me all Australian nonprofit organizations.,0.0417,1,backtranslation_kor_hang,0.0909,Listen to all the non profit organizations in Australia,,,,,,,,,,,,,,,,,,,,,,,,,,,
QALD2_te-34,In which military conflicts did Lawrence of Arabia participate?,0.3333,1,backtranslation_yue_hant,1.0,What war did Lawrence of Arabia fight,,,,,,,,,,,,,,,,,,,,,,,,,,,
QALD2_te-35,Who developed Skype?,0.2,1,backtranslation_tam_taml,1.0,Who created Skype,,,,,,,,,,,,,,,,,,,,,,,,,,,
QALD2_te-39,Give me all companies in Munich.,0.0227,1,backtranslation_yue_hant,1.0,And all the companies in Munich,,,,,,,,,,,,,,,,,,,,,,,,,,,
QALD2_te-40,List all boardgames by GMT.,1.0,0,,,,,,,,,,,,,,,,,,,,,,,,,,,,,,
QALD2_te-41,Who founded Intel?,1.0,0,,,,,,,,,,,,,,,,,,,,,,,,,,,,,,
QALD2_te-42,Who is the husband of Amanda Palmer?,0.1111,0,,,,,,,,,,,,,,,,,,,,,,,,,,,,,,
QALD2_te-43,Give me all breeds of the German Shepherd dog.,1.0,0,,,,,,,,,,,,,,,,,,,,,,,,,,,,,,
QALD2_te-44,Which cities does the Weser flow through?,1.0,0,,,,,,,,,,,,,,,,,,,,,,,,,,,,,,
QALD2_te-45,Which countries are connected by the Rhine?,0.5,1,backtranslation_kor_hang,1.0,Which countries do the Rhine River connect,,,,,,,,,,,,,,,,,,,,,,,,,,,
QALD2_te-46,Which professional surfers were born on the Philippines?,0.0417,7,backtranslation_kor_hang,0.3333,Who are the Filipino born professional surfers,backtranslation_tam_taml,0.1,What professional surfer was born in the Philippines,backtranslation_pes_arab,0.0588,What professional surfers were born in the Philippines,backtranslation_rus_cyrl,0.0588,What professional surfers were born in the Philippines,backtranslation_deu_latn,0.0556,What kind of professional surfers are born in the Philippines,backtranslation_swh_latn,0.0556,Where are the professional surfers born in the Philippines,backtranslation_yue_hant,0.0455,Who is a professional surfer born in the Philippines,,,,,,,,,
QALD2_te-48,In which UK city are the headquarters of the MI6?,0.0072,0,,,,,,,,,,,,,,,,,,,,,,,,,,,,,,
QALD2_te-49,Which other weapons did the designer of the Uzi develop?,0.5,2,backtranslation_rus_cyrl,1.0,What other weapons did Uzi design,backtranslation_zsm_latn,1.0,Another weapon designed by Uzi,,,,,,,,,,,,,,,,,,,,,,,,
QALD2_te-51,Give me all Frisian islands that belong to the Netherlands.,1.0,0,,,,,,,,,,,,,,,,,,,,,,,,,,,,,,
QALD2_te-53,What is the ruling party in Lisbon?,0.0089,5,backtranslation_yue_hant,0.0385,What is the political party in Lisbon,backtranslation_fra_latn,0.0357,What is the party in power in Lisbon,backtranslation_zsm_latn,0.0357,What party is in power in Lisbon,backtranslation_rus_cyrl,0.0196,What party in Lisbon,backtranslation_pes_arab,0.0108,Who is the ruling party in Lisbon,,,,,,,,,,,,,,,
QALD2_te-55,Which Greek goddesses dwelt on Mount Olympus?,0.3333,10,backtranslation_yue_hant,1.0,Who was the Greek goddess who lived on Mount Olympus,backtranslation_arb_arab,1.0,Which Greek gods lived on Mount Olympus,backtranslation_pes_arab,1.0,Which Greek gods lived on Mount Olympus,backtranslation_fra_latn,1.0,What Greek goddesses lived on Mount Olympus,backtranslation_deu_latn,1.0,What Greek goddesses lived on Mount Olympus,backtranslation_rus_cyrl,1.0,What Greek goddesses lived on Mount Olympus,backtranslation_tam_taml,1.0,What Greek gods lived on Mount Olympus,backtranslation_swh_latn,1.0,What Greek gods lived on Mount Olympus,backtranslation_kor_hang,0.5,Who were the Greek gods who lived on Mount Olympus,backtranslation_zsm_latn,0.5,Which Greek goddess lives on Mount Olympus
QALD2_te-57,Give me the Apollo 14 astronauts.,1.0,0,,,,,,,,,,,,,,,,,,,,,,,,,,,,,,
QALD2_te-58,What is the time zone of Salt Lake City?,0.3333,5,backtranslation_kor_hang,0.5,What s the time zone in Salt Lake City,backtranslation_pes_arab,0.5,What s the time zone in Salt Lake City,backtranslation_fra_latn,0.5,What s the time zone in Salt Lake City,backtranslation_deu_latn,0.5,What s the time zone of Salt Lake City,backtranslation_zsm_latn,0.5,What s the time zone in Salt Lake City,,,,,,,,,,,,,,,
QALD2_te-59,Which U.S. states are in the same timezone as Utah?,0.0,10,backtranslation_zsm_latn,0.2,Which state in the United States is in the same time zone as Utah,backtranslation_kor_hang,0.1429,Which US states are in the same time zone as Utah,backtranslation_fra_latn,0.1429,Which US states are in the same time zone as Utah,backtranslation_tam_taml,0.1,Which states are in the same time zone as Utah,backtranslation_arb_arab,0.0263,Which U S  states are in the same time zone as Utah,backtranslation_pes_arab,0.0263,Which U S  states are in the same time zone as Utah,backtranslation_deu_latn,0.0263,Which U S  states are in the same time zone as Utah,backtranslation_rus_cyrl,0.0263,Which U S  states are in the same time zone as Utah,backtranslation_swh_latn,0.0244,What U S  states are in a time zone like Utah,backtranslation_yue_hant,0.0179,Which state in the U S  has the same time zone as Utah
QALD2_te-60,Give me a list of all lakes in Denmark.,0.037,1,backtranslation_tam_taml,0.1,Give me a list of lakes in Denmark,,,,,,,,,,,,,,,,,,,,,,,,,,,
QALD2_te-63,Give me all Argentine films.,0.125,0,,,,,,,,,,,,,,,,,,,,,,,,,,,,,,
QALD2_te-64,Give me all launch pads operated by NASA.,1.0,0,,,,,,,,,,,,,,,,,,,,,,,,,,,,,,
QALD2_te-65,Which instruments did John Lennon play?,1.0,0,,,,,,,,,,,,,,,,,,,,,,,,,,,,,,
QALD2_te-66,Which ships were called after Benjamin Franklin?,0.3333,10,backtranslation_yue_hant,1.0,Which ship is named after Benjamin Franklin,backtranslation_kor_hang,1.0,Which ships are named after Benjamin Franklin,backtranslation_arb_arab,1.0,Which ship is named after Benjamin Franklin,backtranslation_pes_arab,1.0,What ships are named after Benjamin Franklin,backtranslation_fra_latn,1.0,Which ships were named after Benjamin Franklin,backtranslation_deu_latn,1.0,Which ships were named after Benjamin Franklin,backtranslation_rus_cyrl,1.0,Which ships are named after Benjamin Franklin,backtranslation_zsm_latn,1.0,Which ship is named after Benjamin Franklin,backtranslation_tam_taml,1.0,What ships were named after Benjamin Franklin,backtranslation_swh_latn,1.0,What ships were named after Benjamin Franklin
QALD2_te-67,Who are the parents of the wife of Juan Carlos I?,0.0333,0,,,,,,,,,,,,,,,,,,,,,,,,,,,,,,
QALD2_te-72,In which U.S. state is Area 51 located?,0.1667,0,,,,,,,,,,,,,,,,,,,,,,,,,,,,,,
QALD2_te-75,Which daughters of British earls died in the same place they were born in?,0.0217,0,,,,,,,,,,,,,,,,,,,,,,,,,,,,,,
QALD2_te-76,List the children of Margaret Thatcher.,1.0,0,,,,,,,,,,,,,,,,,,,,,,,,,,,,,,
QALD2_te-77,Who was called Scarface?,0.1667,7,backtranslation_yue_hant,0.5,Who is Scarface,backtranslation_kor_hang,0.5,Who was Scarface,backtranslation_arb_arab,0.5,Who was Scarface,backtranslation_fra_latn,0.5,Who was Scarface,backtranslation_deu_latn,0.5,Who was Scarface,backtranslation_rus_cyrl,0.25,Who was Scarface s name,backtranslation_swh_latn,0.25,Who was Scarface s name,,,,,,,,,
QALD2_te-80,Give me all books by William Goldman with more than 300 pages.,1.0,0,,,,,,,,,,,,,,,,,,,,,,,,,,,,,,
QALD2_te-81,Which books by Kerouac were published by Viking Press?,0.5,0,,,,,,,,,,,,,,,,,,,,,,,,,,,,,,
QALD2_te-82,Give me a list of all American inventions.,0.04,3,backtranslation_yue_hant,0.2,Give me a list of all the inventions in America,backtranslation_kor_hang,0.2,Give me a list of American inventions,backtranslation_tam_taml,0.2,Give me a list of American inventions,,,,,,,,,,,,,,,,,,,,,
QALD2_te-84,Who created the comic Captain America?,1.0,0,,,,,,,,,,,,,,,,,,,,,,,,,,,,,,
QALD2_te-86,What is the largest city in Australia?,1.0,0,,,,,,,,,,,,,,,,,,,,,,,,,,,,,,
QALD2_te-87,Who composed the music for Harold and Maude?,0.3333,1,backtranslation_arb_arab,0.5,Who made the music for Harold and Maud,,,,,,,,,,,,,,,,,,,,,,,,,,,
QALD2_te-88,Which films starring Clint Eastwood did he direct himself?,1.0,0,,,,,,,,,,,,,,,,,,,,,,,,,,,,,,
QALD2_te-89,In which city was the former Dutch queen Juliana buried?,1.0,0,,,,,,,,,,,,,,,,,,,,,,,,,,,,,,
QALD2_te-90,Where is the residence of the prime minister of Spain?,1.0,0,,,,,,,,,,,,,,,,,,,,,,,,,,,,,,
QALD2_te-91,Which U.S. State has the abbreviation MN?,1.0,0,,,,,,,,,,,,,,,,,,,,,,,,,,,,,,
QALD2_te-92,Show me all songs from Bruce Springsteen released between 1980 and 1990.,1.0,0,,,,,,,,,,,,,,,,,,,,,,,,,,,,,,
QALD2_te-93,Which movies did Sam Raimi direct after Army of Darkness?,1.0,0,,,,,,,,,,,,,,,,,,,,,,,,,,,,,,
QALD2_te-95,Who wrote the lyrics for the Polish national anthem?,0.05,0,,,,,,,,,,,,,,,,,,,,,,,,,,,,,,
QALD2_te-97,Who painted The Storm on the Sea of Galilee?,1.0,0,,,,,,,,,,,,,,,,,,,,,,,,,,,,,,
QALD2_te-98,Which country does the creator of Miffy come from?,1.0,0,,,,,,,,,,,,,,,,,,,,,,,,,,,,,,
QALD2_te-99,For which label did Elvis record his first album?,0.2,0,,,,,,,,,,,,,,,,,,,,,,,,,,,,,,
QALD2_te-100,Who produces Orangina?,1.0,0,,,,,,,,,,,,,,,,,,,,,,,,,,,,,,
QALD2_tr-1,Give me all female Russian astronauts.,0.5,0,,,,,,,,,,,,,,,,,,,,,,,,,,,,,,
QALD2_tr-3,Who is the daughter of Bill Clinton married to?,0.0217,6,backtranslation_yue_hant,0.0333,Who married Bill Clinton s daughter,backtranslation_fra_latn,0.0333,Who is Bill Clinton s daughter married to,backtranslation_deu_latn,0.0333,Who is Bill Clinton s daughter married to,backtranslation_zsm_latn,0.0333,Who is Bill Clinton s daughter married to,backtranslation_tam_taml,0.0333,Who married Bill Clinton s daughter,backtranslation_swh_latn,0.0333,Who is Bill Clinton s daughter married to,,,,,,,,,,,,
QALD2_tr-4,Which river does the Brooklyn Bridge cross?,0.25,5,backtranslation_zsm_latn,1.0,Which river is the Brooklyn Bridge,backtranslation_arb_arab,0.5,Which river crosses the Brooklyn Bridge,backtranslation_pes_arab,0.5,Who is the Brooklyn Bridge crossing,backtranslation_tam_taml,0.3333,What river does the Brooklyn Bridge cross,backtranslation_swh_latn,0.3333,What river does the Brooklyn Bridge cross,,,,,,,,,,,,,,,
QALD2_tr-6,Where did Abraham Lincoln die?,0.3333,0,,,,,,,,,,,,,,,,,,,,,,,,,,,,,,
QALD2_tr-8,Which states of Germany are governed by the Social Democratic Party?,1.0,0,,,,,,,,,,,,,,,,,,,,,,,,,,,,,,
QALD2_tr-9,Which U.S. states possess gold minerals?,0.0625,6,backtranslation_zsm_latn,1.0,Which country in the United States has gold minerals,backtranslation_arb_arab,0.25,Which US states have gold minerals,backtranslation_kor_hang,0.2,Which US states have gold mines,backtranslation_fra_latn,0.1429,Which states own gold minerals,backtranslation_deu_latn,0.125,Which U S  states have gold minerals,backtranslation_rus_cyrl,0.125,Which U S  states have gold minerals,,,,,,,,,,,,
QALD2_tr-10,In which country does the Nile start?,0.0625,7,backtranslation_kor_hang,1.0,Which country does the Nile River start in,backtranslation_deu_latn,0.3333,Which country is the beginning of the Nile,backtranslation_tam_taml,0.1429,What country does the Nile begin in,backtranslation_swh_latn,0.1429,From what country does the Nile begin,backtranslation_arb_arab,0.1,In which country does the Nile begin,backtranslation_pes_arab,0.1,In which country does the Nile begin,backtranslation_yue_hant,0.0833,From which country does the Nile begin,,,,,,,,,
QALD2_tr-11,Which countries have places with more than two caves?,0.2,3,backtranslation_yue_hant,0.25,Which country has more than two caves,backtranslation_kor_hang,0.25,Which countries have more than two caves,backtranslation_zsm_latn,0.25,Which country has more than two caves,,,,,,,,,,,,,,,,,,,,,
QALD2_tr-13,Which classis does the Millepede belong to?,1.0,0,,,,,,,,,,,,,,,,,,,,,,,,,,,,,,
QALD2_tr-15,Who created Goofy?,1.0,0,,,,,,,,,,,,,,,,,,,,,,,,,,,,,,
QALD2_tr-16,Give me the capitals of all countries in Africa.,0.0033,0,,,,,,,,,,,,,,,,,,,,,,,,,,,,,,
QALD2_tr-17,Give me all cities in New Jersey with more than 100000 inhabitants.,1.0,0,,,,,,,,,,,,,,,,,,,,,,,,,,,,,,
QALD2_tr-18,Which museum exhibits The Scream by Munch?,0.0055,5,backtranslation_swh_latn,0.0169,What museum is the  Munch Confession,backtranslation_fra_latn,0.0149,What museum is showing Munch s Cry,backtranslation_yue_hant,0.008,Which museum has Munch s  Screaming,backtranslation_deu_latn,0.0077,Which museum is showing  The Scream of Munch,backtranslation_zsm_latn,0.0077,Which museum is showing The Scream by Munch,,,,,,,,,,,,,,,
QALD2_tr-21,Which states border Illinois?,0.1111,0,,,,,,,,,,,,,,,,,,,,,,,,,,,,,,
QALD2_tr-22,In which country is the Limerick Lake?,1.0,0,,,,,,,,,,,,,,,,,,,,,,,,,,,,,,
QALD2_tr-23,Which television shows were created by Walt Disney?,1.0,0,,,,,,,,,,,,,,,,,,,,,,,,,,,,,,
QALD2_tr-24,Which mountain is the highest after the Annapurna?,1.0,0,,,,,,,,,,,,,,,,,,,,,,,,,,,,,,
QALD2_tr-25,In which films directed by Garry Marshall was Julia Roberts starring?,1.0,0,,,,,,,,,,,,,,,,,,,,,,,,,,,,,,
QALD2_tr-26,Which bridges are of the same type as the Manhattan Bridge?,0.2,6,backtranslation_kor_hang,0.3333,The same type of bridge as the Manhattan Bridge,backtranslation_arb_arab,0.3333,What bridges are the same as the Manhattan Bridge,backtranslation_tam_taml,0.3333,What bridges are like the Manhattan Bridge,backtranslation_swh_latn,0.3333,What are the similar types of bridges on the Manhattan Bridge,backtranslation_yue_hant,0.25,Which bridge is the same as the Manhattan Bridge,backtranslation_zsm_latn,0.25,Which bridge is the same as the Manhattan Bridge,,,,,,,,,,,,
QALD2_tr-28,Which European countries have a constitutional monarchy?,0.3333,1,backtranslation_yue_hant,1.0,Which country in Europe has a constitutional monarchy,,,,,,,,,,,,,,,,,,,,,,,,,,,
QALD2_tr-29,Which awards did WikiLeaks win?,0.5,2,backtranslation_deu_latn,1.0,What awards has WikiLeaks won,backtranslation_zsm_latn,1.0,Which prize has won WikiLeaks,,,,,,,,,,,,,,,,,,,,,,,,
QALD2_tr-30,Which state of the USA has the highest population density?,1.0,0,,,,,,,,,,,,,,,,,,,,,,,,,,,,,,
QALD2_tr-31,What is the currency of the Czech Republic?,0.3333,0,,,,,,,,,,,,,,,,,,,,,,,,,,,,,,
QALD2_tr-32,Which countries in the European Union adopted the Euro?,0.5,9,backtranslation_yue_hant,1.0,Which EU country has adopted the euro,backtranslation_kor_hang,1.0,Which European Union countries have adopted the euro,backtranslation_arb_arab,1.0,Which EU countries have adopted the euro,backtranslation_fra_latn,1.0,Which countries in the European Union have adopted the euro,backtranslation_deu_latn,1.0,Which countries of the European Union have adopted the euro,backtranslation_rus_cyrl,1.0,Which countries of the European Union have adopted the euro,backtranslation_zsm_latn,1.0,Which countries in the European Union use the Euro,backtranslation_tam_taml,1.0,What countries of the European Union adopted the euro,backtranslation_swh_latn,1.0,Which countries in the European Union used the euro,,,
QALD2_tr-34,Which countries have more than two official languages?,0.25,5,backtranslation_yue_hant,0.5,Which country has more than two official languages,backtranslation_rus_cyrl,0.5,In which countries are there more than two official languages,backtranslation_zsm_latn,0.5,Which country has more than two official languages,backtranslation_tam_taml,0.5,In which countries there are more than two official languages,backtranslation_swh_latn,0.5,In which countries are more than two official languages,,,,,,,,,,,,,,,
QALD2_tr-35,Who is the owner of Universal Studios?,0.125,8,backtranslation_kor_hang,1.0,Who owns Universal Studios,backtranslation_pes_arab,1.0,Who owns Universal Studios,backtranslation_fra_latn,1.0,Who owns the Universal Studios,backtranslation_deu_latn,1.0,Who owns Universal Studios,backtranslation_rus_cyrl,1.0,Who owns Universal Studios,backtranslation_zsm_latn,1.0,Who owns the Universal Studios,backtranslation_tam_taml,1.0,Who owns Universal Studios,backtranslation_swh_latn,1.0,Who owns Universal Studios,,,,,,
QALD2_tr-36,Through which countries does the Yenisei river flow?,0.3333,1,backtranslation_fra_latn,1.0,Which country is the Yenisei River flowing into,,,,,,,,,,,,,,,,,,,,,,,,,,,
QALD2_tr-38,Which monarchs of the United Kingdom were married to a German?,0.3333,1,backtranslation_arb_arab,1.0,Which queen of the United Kingdom married a German,,,,,,,,,,,,,,,,,,,,,,,,,,,
QALD2_tr-40,What is the highest mountain in Australia?,0.25,1,backtranslation_pes_arab,0.3333,What is Australia s highest mountain,,,,,,,,,,,,,,,,,,,,,,,,,,,
QALD2_tr-41,Give me all soccer clubs in Spain.,0.0017,10,backtranslation_yue_hant,0.0083,Give me all the football clubs in Spain,backtranslation_fra_latn,0.0083,Give me all the football clubs in Spain,backtranslation_deu_latn,0.0083,Give me all the football clubs in Spain,backtranslation_rus_cyrl,0.0083,Give me all the football clubs in Spain,backtranslation_zsm_latn,0.0083,Give me all the football clubs in Spain,backtranslation_tam_taml,0.0083,Give me all the football clubs in Spain,backtranslation_arb_arab,0.0037,Give me every football club in Spain,backtranslation_swh_latn,0.0037,Give me every football club in Spain,backtranslation_kor_hang,0.0019,Give me all the Spanish football clubs,backtranslation_pes_arab,0.0019,Give me all the Spanish football clubs
QALD2_tr-42,What are the official languages of the Philippines?,1.0,0,,,,,,,,,,,,,,,,,,,,,,,,,,,,,,
QALD2_tr-43,Who is the mayor of New York City?,0.5,7,backtranslation_kor_hang,1.0,Who s the mayor of New York City,backtranslation_arb_arab,1.0,Who s the mayor of New York City,backtranslation_pes_arab,1.0,Who s the mayor of New York City,backtranslation_fra_latn,1.0,Who is the mayor of New York,backtranslation_rus_cyrl,1.0,Who is the mayor of New York,backtranslation_zsm_latn,1.0,Who is the mayor of New York,backtranslation_swh_latn,1.0,Who is the mayor of New York,,,,,,,,,
QALD2_tr-44,Who designed the Brooklyn Bridge?,1.0,0,,,,,,,,,,,,,,,,,,,,,,,,,,,,,,
QALD2_tr-45,Which telecommunications organizations are located in Belgium?,0.1429,8,backtranslation_swh_latn,1.0,What are the telephone companies in Belgium,backtranslation_deu_latn,0.5,What telecommunications companies are located in Belgium,backtranslation_zsm_latn,0.5,Which telecommunications company is located in Belgium,backtranslation_tam_taml,0.5,What telecommunications companies are located in Belgium,backtranslation_arb_arab,0.3333,Which telecommunications organisations are located in Belgium,backtranslation_rus_cyrl,0.3333,What telecommunications organisations are located in Belgium,backtranslation_fra_latn,0.25,What are the telecommunications organisations in Belgium,backtranslation_pes_arab,0.1667,What telecommunications organizations are located in Belgium,,,,,,
QALD2_tr-47,What is the highest place of Karakoram?,0.3333,1,backtranslation_arb_arab,0.5,What s the highest place in Karakoram,,,,,,,,,,,,,,,,,,,,,,,,,,,
QALD2_tr-49,Give me all companies in the advertising industry.,1.0,0,,,,,,,,,,,,,,,,,,,,,,,,,,,,,,
QALD2_tr-50,What did Bruce Carver die from?,0.25,2,backtranslation_tam_taml,1.0,What caused Bruce Carver s death,backtranslation_swh_latn,1.0,What caused Bruce Carver s death,,,,,,,,,,,,,,,,,,,,,,,,
QALD2_tr-51,Give me all school types.,0.0017,3,backtranslation_arb_arab,0.004,Give me all kinds of school,backtranslation_zsm_latn,0.004,Give me all kinds of schools,backtranslation_swh_latn,0.004,Give me all kinds of school,,,,,,,,,,,,,,,,,,,,,
QALD2_tr-52,Which presidents were born in 1945?,0.0667,0,,,,,,,,,,,,,,,,,,,,,,,,,,,,,,
QALD2_tr-53,Give me all presidents of the United States.,0.0556,0,,,,,,,,,,,,,,,,,,,,,,,,,,,,,,
QALD2_tr-54,Who was the wife of U.S. president Lincoln?,0.3333,1,backtranslation_zsm_latn,1.0,Who was the wife of President Lincoln of the United States,,,,,,,,,,,,,,,,,,,,,,,,,,,
QALD2_tr-55,Who developed the video game World of Warcraft?,1.0,0,,,,,,,,,,,,,,,,,,,,,,,,,,,,,,
QALD2_tr-57,List all episodes of the first season of the HBO television series The Sopranos!,1.0,0,,,,,,,,,,,,,,,,,,,,,,,,,,,,,,
QALD2_tr-58,Who produced the most films?,0.0042,5,backtranslation_tam_taml,0.0333,Who made the most films,backtranslation_kor_hang,0.0054,Who made the most movies,backtranslation_pes_arab,0.0054,Who made most of the movies,backtranslation_rus_cyrl,0.0054,Who made the most movies,backtranslation_swh_latn,0.0054,Who made the most movies,,,,,,,,,,,,,,,
QALD2_tr-59,Give me all people with first name Jimmy.,0.0667,6,backtranslation_pes_arab,1.0,Tell everyone the first name is Jimmy,backtranslation_zsm_latn,1.0,Tell me everyone s first name is Jimmy,backtranslation_fra_latn,0.1111,Give me all the names Jimmy,backtranslation_rus_cyrl,0.1111,Give me all the people named Jimmy,backtranslation_arb_arab,0.0909,Give me all the people who have the name Jimmy,backtranslation_tam_taml,0.0909,Tell anyone who has the name Jimmy,,,,,,,,,,,,
QALD2_tr-61,Which mountains are higher than the Nanga Parbat?,0.5,0,,,,,,,,,,,,,,,,,,,,,,,,,,,,,,
QALD2_tr-62,Who created Wikipedia?,1.0,0,,,,,,,,,,,,,,,,,,,,,,,,,,,,,,
QALD2_tr-63,Give me all actors starring in Batman Begins.,1.0,0,,,,,,,,,,,,,,,,,,,,,,,,,,,,,,
QALD2_tr-64,Which software has been developed by organizations founded in California?,1.0,0,,,,,,,,,,,,,,,,,,,,,,,,,,,,,,
QALD2_tr-65,Which companies work in the aerospace industry as well as on nuclear reactor technology?,1.0,0,,,,,,,,,,,,,,,,,,,,,,,,,,,,,,
QALD2_tr-68,Which actors were born in Germany?,1.0,0,,,,,,,,,,,,,,,,,,,,,,,,,,,,,,
QALD2_tr-69,Which caves have more than 3 entrances?,0.25,0,,,,,,,,,,,,,,,,,,,,,,,,,,,,,,
QALD2_tr-70,Give me all films produced by Hal Roach.,1.0,0,,,,,,,,,,,,,,,,,,,,,,,,,,,,,,
QALD2_tr-71,Give me all video games published by Mean Hamster Software.,1.0,0,,,,,,,,,,,,,,,,,,,,,,,,,,,,,,
QALD2_tr-72,Which languages are spoken in Estonia?,1.0,0,,,,,,,,,,,,,,,,,,,,,,,,,,,,,,
QALD2_tr-73,Who owns Aldi?,1.0,0,,,,,,,,,,,,,,,,,,,,,,,,,,,,,,
QALD2_tr-74,Which capitals in Europe were host cities of the summer olympic games?,0.3333,1,backtranslation_swh_latn,0.5,Which European cities hosted the Summer Olympics,,,,,,,,,,,,,,,,,,,,,,,,,,,
QALD2_tr-75,Who has been the 5th president of the United States of America?,0.5,7,backtranslation_yue_hant,1.0,Who was the fifth president of the United States,backtranslation_arb_arab,1.0,Who was the fifth president of the United States of America,backtranslation_pes_arab,1.0,Who was the fifth president of the United States,backtranslation_fra_latn,1.0,Who was the fifth president of the United States of America,backtranslation_deu_latn,1.0,Who was the fifth president of the United States of America,backtranslation_rus_cyrl,1.0,Who was the fifth president of the United States of America,backtranslation_tam_taml,1.0,Who was the fifth president of the United States,,,,,,,,,
QALD2_tr-77,Which music albums contain the song Last Christmas?,0.2,1,backtranslation_tam_taml,0.3333,What is the last Christmas song on the music albums,,,,,,,,,,,,,,,,,,,,,,,,,,,
QALD2_tr-78,Give me all books written by Danielle Steel.,0.1429,9,backtranslation_kor_hang,1.0,Give me all the books Daniel Steele has,backtranslation_yue_hant,0.5,Give me all the books by Danielle Steel,backtranslation_deu_latn,0.5,Give me all the books by Danielle Steel,backtranslation_swh_latn,0.5,Give me all the books by Danielle Steel,backtranslation_arb_arab,0.25,Give me all the books Daniel Steele wrote,backtranslation_fra_latn,0.25,Give me all the books Danielle Steel wrote,backtranslation_rus_cyrl,0.25,Give me all the books Daniel Steele wrote,backtranslation_zsm_latn,0.25,Give me all the books Danielle Steel wrote,backtranslation_tam_taml,0.25,Give me all the books that Daniel Steel wrote,,,
QALD2_tr-79,"Which airports are located in California, USA?",1.0,0,,,,,,,,,,,,,,,,,,,,,,,,,,,,,,
QALD2_tr-80,Give me all Canadian Grunge record labels.,0.05,0,,,,,,,,,,,,,,,,,,,,,,,,,,,,,,
QALD2_tr-81,Which country has the most official languages?,0.3333,0,,,,,,,,,,,,,,,,,,,,,,,,,,,,,,
QALD2_tr-82,In which programming language is GIMP written?,0.1,9,backtranslation_yue_hant,0.1111,What programming language is GIMP written in,backtranslation_kor_hang,0.1111,What programming language is GIMP written in,backtranslation_pes_arab,0.1111,What programming language is GIMP written in,backtranslation_fra_latn,0.1111,What programming language is GIMP written in,backtranslation_deu_latn,0.1111,What programming language is GIMP written in,backtranslation_rus_cyrl,0.1111,What programming language is GIMP written in,backtranslation_zsm_latn,0.1111,What programming language is GIMP written in,backtranslation_tam_taml,0.1111,What programming language is GIMP written in,backtranslation_swh_latn,0.1111,What programming language is written GIMP,,,
QALD2_tr-83,Who produced films starring Natalie Portman?,1.0,0,,,,,,,,,,,,,,,,,,,,,,,,,,,,,,
QALD2_tr-84,Give me all movies with Tom Cruise.,0.3333,1,backtranslation_tam_taml,1.0,Give me all the Tom Cruise pictures,,,,,,,,,,,,,,,,,,,,,,,,,,,
QALD2_tr-85,In which films did Julia Roberts as well as Richard Gere play?,1.0,0,,,,,,,,,,,,,,,,,,,,,,,,,,,,,,
QALD2_tr-86,Give me all female German chancellors.,1.0,0,,,,,,,,,,,,,,,,,,,,,,,,,,,,,,
QALD2_tr-87,Who wrote the book The pillars of the Earth?,1.0,0,,,,,,,,,,,,,,,,,,,,,,,,,,,,,,
QALD2_tr-89,Give me all soccer clubs in the Premier League.,0.0476,7,backtranslation_fra_latn,0.1429,Give me all the football clubs in the Premier League,backtranslation_deu_latn,0.1429,Give me all the football clubs in the Premier League,backtranslation_rus_cyrl,0.1429,Give me all the football clubs in the Premier League,backtranslation_zsm_latn,0.1429,Give me all the football clubs in the Premier League,backtranslation_tam_taml,0.1429,Give me all the football clubs in the Premier League,backtranslation_kor_hang,0.125,Give me every football club in the Premier League,backtranslation_yue_hant,0.0833,Let me see all the football clubs in the Premier League,,,,,,,,,
QALD2_tr-91,Which organizations were founded in 1950?,1.0,0,,,,,,,,,,,,,,,,,,,,,,,,,,,,,,
QALD2_tr-92,What is the highest mountain?,1.0,0,,,,,,,,,,,,,,,,,,,,,,,,,,,,,,
SemSearch_ES-1,44 magnum hunting,1.0,0,,,,,,,,,,,,,,,,,,,,,,,,,,,,,,
SemSearch_ES-2,B. F. Skinner,1.0,0,,,,,,,,,,,,,,,,,,,,,,,,,,,,,,
SemSearch_ES-3,Bookwork,0.3333,0,,,,,,,,,,,,,,,,,,,,,,,,,,,,,,
SemSearch_ES-4,NAACP Image Awards,1.0,0,,,,,,,,,,,,,,,,,,,,,,,,,,,,,,
SemSearch_ES-5,Scott County,1.0,0,,,,,,,,,,,,,,,,,,,,,,,,,,,,,,
SemSearch_ES-6,air wisconsin,0.5,0,,,,,,,,,,,,,,,,,,,,,,,,,,,,,,
SemSearch_ES-7,airsoft glock,1.0,0,,,,,,,,,,,,,,,,,,,,,,,,,,,,,,
SemSearch_ES-9,american embassy nairobi,0.5,1,backtranslation_zsm_latn,1.0,Embassy of the United States of America in Nairobi,,,,,,,,,,,,,,,,,,,,,,,,,,,
SemSearch_ES-10,asheville north carolina,1.0,0,,,,,,,,,,,,,,,,,,,,,,,,,,,,,,
SemSearch_ES-11,austin powers,1.0,0,,,,,,,,,,,,,,,,,,,,,,,,,,,,,,
SemSearch_ES-12,austin texas,0.5,0,,,,,,,,,,,,,,,,,,,,,,,,,,,,,,
SemSearch_ES-13,banana paper making,0.5,6,backtranslation_kor_hang,1.0,Manufacture of banana paper,backtranslation_arb_arab,1.0,The banana paper industry,backtranslation_fra_latn,1.0,Manufacture of banana paper,backtranslation_deu_latn,1.0,Manufacture of banana paper,backtranslation_rus_cyrl,1.0,banana paper,backtranslation_zsm_latn,1.0,banana paper manufacturing,,,,,,,,,,,,
SemSearch_ES-14,ben franklin,1.0,0,,,,,,,,,,,,,,,,,,,,,,,,,,,,,,
SemSearch_ES-15,bradley center,1.0,0,,,,,,,,,,,,,,,,,,,,,,,,,,,,,,
SemSearch_ES-16,brooklyn bridge,1.0,0,,,,,,,,,,,,,,,,,,,,,,,,,,,,,,
SemSearch_ES-17,butte montana,1.0,0,,,,,,,,,,,,,,,,,,,,,,,,,,,,,,
SemSearch_ES-18,canasta cards,1.0,0,,,,,,,,,,,,,,,,,,,,,,,,,,,,,,
SemSearch_ES-19,carl lewis,1.0,0,,,,,,,,,,,,,,,,,,,,,,,,,,,,,,
SemSearch_ES-20,carolina,0.5,0,,,,,,,,,,,,,,,,,,,,,,,,,,,,,,
SemSearch_ES-21,charles darwin,1.0,0,,,,,,,,,,,,,,,,,,,,,,,,,,,,,,
SemSearch_ES-22,city of charlotte,1.0,0,,,,,,,,,,,,,,,,,,,,,,,,,,,,,,
SemSearch_ES-23,city of virginia beach,1.0,0,,,,,,,,,,,,,,,,,,,,,,,,,,,,,,
SemSearch_ES-24,coastal carolina,1.0,0,,,,,,,,,,,,,,,,,,,,,,,,,,,,,,
SemSearch_ES-25,david suchet,0.5,0,,,,,,,,,,,,,,,,,,,,,,,,,,,,,,
SemSearch_ES-26,disney orlando,1.0,0,,,,,,,,,,,,,,,,,,,,,,,,,,,,,,
SemSearch_ES-28,el salvador,1.0,0,,,,,,,,,,,,,,,,,,,,,,,,,,,,,,
SemSearch_ES-29,ellis college,0.0076,0,,,,,,,,,,,,,,,,,,,,,,,,,,,,,,
SemSearch_ES-30,eloan line of credit,0.25,7,backtranslation_yue_hant,1.0,The European credit line,backtranslation_arb_arab,1.0,A credit line,backtranslation_fra_latn,1.0,credit line,backtranslation_rus_cyrl,1.0,credit line,backtranslation_zsm_latn,1.0,credit line,backtranslation_swh_latn,1.0,line of credit,backtranslation_pes_arab,0.3333,The credit line  Elon,,,,,,,,,
SemSearch_ES-31,emery,1.0,0,,,,,,,,,,,,,,,,,,,,,,,,,,,,,,
SemSearch_ES-32,fitzgerald auto mall chambersburg pa,0.25,4,backtranslation_arb_arab,1.0,Fitzgerald car dealership in camberburg,backtranslation_fra_latn,1.0,Fitzgerald auto mall chamber of commerce,backtranslation_swh_latn,1.0,fitzgerald auto mall chambersburg by,backtranslation_yue_hant,0.3333,Fitzgerald Car Mall in Cumberland  PA,,,,,,,,,,,,,,,,,,
SemSearch_ES-33,harry potter,1.0,0,,,,,,,,,,,,,,,,,,,,,,,,,,,,,,
SemSearch_ES-34,harry potter movie,1.0,0,,,,,,,,,,,,,,,,,,,,,,,,,,,,,,
SemSearch_ES-36,imdb batman returns,0.5,0,,,,,,,,,,,,,,,,,,,,,,,,,,,,,,
SemSearch_ES-37,jack johnson,1.0,0,,,,,,,,,,,,,,,,,,,,,,,,,,,,,,
SemSearch_ES-38,jack the ripper,1.0,0,,,,,,,,,,,,,,,,,,,,,,,,,,,,,,
SemSearch_ES-39,james caldwell high school,1.0,0,,,,,,,,,,,,,,,,,,,,,,,,,,,,,,
SemSearch_ES-40,james clayton md,0.0189,1,backtranslation_arb_arab,0.05,James Clayton,,,,,,,,,,,,,,,,,,,,,,,,,,,
SemSearch_ES-41,joan of arc,1.0,0,,,,,,,,,,,,,,,,,,,,,,,,,,,,,,
SemSearch_ES-42,john maxwell,0.5,1,backtranslation_yue_hant,1.0,John Maxwell is the author of this book,,,,,,,,,,,,,,,,,,,,,,,,,,,
SemSearch_ES-45,keith urban,1.0,0,,,,,,,,,,,,,,,,,,,,,,,,,,,,,,
SemSearch_ES-47,king arthur,1.0,0,,,,,,,,,,,,,,,,,,,,,,,,,,,,,,
SemSearch_ES-49,laura bush,1.0,0,,,,,,,,,,,,,,,,,,,,,,,,,,,,,,
SemSearch_ES-50,laura steele bob and tom,0.0526,1,backtranslation_rus_cyrl,0.0833,Laura Style Bob and Tom,,,,,,,,,,,,,,,,,,,,,,,,,,,
SemSearch_ES-52,lincoln park,1.0,0,,,,,,,,,,,,,,,,,,,,,,,,,,,,,,
SemSearch_ES-53,lynchburg virginia,1.0,0,,,,,,,,,,,,,,,,,,,,,,,,,,,,,,
SemSearch_ES-54,marc anthony,0.5,1,backtranslation_yue_hant,1.0,Marc Anthony is the author of,,,,,,,,,,,,,,,,,,,,,,,,,,,
SemSearch_ES-56,mario bros,1.0,0,,,,,,,,,,,,,,,,,,,,,,,,,,,,,,
SemSearch_ES-57,martin luther king,1.0,0,,,,,,,,,,,,,,,,,,,,,,,,,,,,,,
SemSearch_ES-58,mason ohio,0.25,0,,,,,,,,,,,,,,,,,,,,,,,,,,,,,,
SemSearch_ES-59,"mercy hospital in des moines, ia",1.0,0,,,,,,,,,,,,,,,,,,,,,,,,,,,,,,
SemSearch_ES-60,michael douglas,1.0,0,,,,,,,,,,,,,,,,,,,,,,,,,,,,,,
SemSearch_ES-61,mr rourke fantasy island,0.0164,4,backtranslation_kor_hang,0.3333,The fantasy island of Mr  Roark,backtranslation_pes_arab,0.3333,Mr  Roark  the Island of Fantasy,backtranslation_arb_arab,0.0217,Roark is a fictional island,backtranslation_yue_hant,0.0213,Mr  Rock s fantasy island,,,,,,,,,,,,,,,,,,
SemSearch_ES-63,old winchester shotguns,1.0,0,,,,,,,,,,,,,,,,,,,,,,,,,,,,,,
SemSearch_ES-65,orlando florida,1.0,0,,,,,,,,,,,,,,,,,,,,,,,,,,,,,,
SemSearch_ES-66,overeaters anonymous,1.0,0,,,,,,,,,,,,,,,,,,,,,,,,,,,,,,
SemSearch_ES-67,ovguide movies,0.3333,0,,,,,,,,,,,,,,,,,,,,,,,,,,,,,,
SemSearch_ES-68,pierce county washington,1.0,0,,,,,,,,,,,,,,,,,,,,,,,,,,,,,,
SemSearch_ES-70,radio italia online,1.0,0,,,,,,,,,,,,,,,,,,,,,,,,,,,,,,
SemSearch_ES-71,richmond virginia,1.0,0,,,,,,,,,,,,,,,,,,,,,,,,,,,,,,
SemSearch_ES-72,rock 103 memphis,1.0,0,,,,,,,,,,,,,,,,,,,,,,,,,,,,,,
SemSearch_ES-73,rowan university,1.0,0,,,,,,,,,,,,,,,,,,,,,,,,,,,,,,
SemSearch_ES-74,sacred heart u,0.3333,9,backtranslation_yue_hant,1.0,The Sacred Heart,backtranslation_kor_hang,1.0,The Sacred Heart,backtranslation_arb_arab,1.0,The Sacred Heart,backtranslation_pes_arab,1.0,The Sacred Heart,backtranslation_fra_latn,1.0,the sacred heart,backtranslation_deu_latn,1.0,The Sacred Heart,backtranslation_rus_cyrl,1.0,The Sacred Heart,backtranslation_zsm_latn,1.0,The sacred heart,backtranslation_swh_latn,0.5,holy heart,,,
SemSearch_ES-75,sagemont church houston tx,0.0,4,backtranslation_pes_arab,0.0625,The Church of the Sacred Heart of Houston  Tx,backtranslation_arb_arab,0.0115,The Sagmont Houston church,backtranslation_yue_hant,0.0093,Sagemont Church  Houston,backtranslation_rus_cyrl,0.0093,The Sagemont Houston church,,,,,,,,,,,,,,,,,,
SemSearch_ES-76,san antonio,1.0,0,,,,,,,,,,,,,,,,,,,,,,,,,,,,,,
SemSearch_ES-77,savannah tech,1.0,0,,,,,,,,,,,,,,,,,,,,,,,,,,,,,,
SemSearch_ES-78,sharp pc,1.0,0,,,,,,,,,,,,,,,,,,,,,,,,,,,,,,
SemSearch_ES-79,shobana masala,0.125,0,,,,,,,,,,,,,,,,,,,,,,,,,,,,,,
SemSearch_ES-80,sonny and cher,1.0,0,,,,,,,,,,,,,,,,,,,,,,,,,,,,,,
SemSearch_ES-81,south dakota state university,1.0,0,,,,,,,,,,,,,,,,,,,,,,,,,,,,,,
SemSearch_ES-82,st lucia,1.0,0,,,,,,,,,,,,,,,,,,,,,,,,,,,,,,
SemSearch_ES-83,st paul saints,0.5,0,,,,,,,,,,,,,,,,,,,,,,,,,,,,,,
SemSearch_ES-84,the dish danielle fishel,1.0,0,,,,,,,,,,,,,,,,,,,,,,,,,,,,,,
SemSearch_ES-85,the longest yard sale,1.0,0,,,,,,,,,,,,,,,,,,,,,,,,,,,,,,
SemSearch_ES-86,the morning call lehigh valley pa,0.5,6,backtranslation_kor_hang,1.0,Calling in the morning to the Lehigh Valley,backtranslation_arb_arab,1.0,The morning call to Yeog Valley,backtranslation_fra_latn,1.0,The morning call to Lehigh Valley,backtranslation_zsm_latn,1.0,morning call from Lehigh Valley,backtranslation_tam_taml,1.0,Morning call to the Lehigh Valley,backtranslation_swh_latn,1.0,morning call to Lehigh Valley on,,,,,,,,,,,,
SemSearch_ES-88,thomas jefferson,1.0,0,,,,,,,,,,,,,,,,,,,,,,,,,,,,,,
SemSearch_ES-89,university of north dakota,0.2,0,,,,,,,,,,,,,,,,,,,,,,,,,,,,,,
SemSearch_ES-90,university of phoenix,1.0,0,,,,,,,,,,,,,,,,,,,,,,,,,,,,,,
SemSearch_ES-91,westminster abbey,1.0,0,,,,,,,,,,,,,,,,,,,,,,,,,,,,,,
SemSearch_ES-93,08 toyota tundra,1.0,0,,,,,,,,,,,,,,,,,,,,,,,,,,,,,,
SemSearch_ES-94,Hugh Downs,0.3333,0,,,,,,,,,,,,,,,,,,,,,,,,,,,,,,
SemSearch_ES-95,MADRID,1.0,0,,,,,,,,,,,,,,,,,,,,,,,,,,,,,,
SemSearch_ES-96,New England Coffee,1.0,0,,,,,,,,,,,,,,,,,,,,,,,,,,,,,,
SemSearch_ES-97,PINK PANTHER 2,1.0,0,,,,,,,,,,,,,,,,,,,,,,,,,,,,,,
SemSearch_ES-98,University of Texas at Austin,1.0,0,,,,,,,,,,,,,,,,,,,,,,,,,,,,,,
SemSearch_ES-99,University of York,0.5,0,,,,,,,,,,,,,,,,,,,,,,,,,,,,,,
SemSearch_ES-100,YMCA Tampa,0.2,0,,,,,,,,,,,,,,,,,,,,,,,,,,,,,,
SemSearch_ES-101,ashley wagner,1.0,0,,,,,,,,,,,,,,,,,,,,,,,,,,,,,,
SemSearch_ES-102,beach flowers,0.25,0,,,,,,,,,,,,,,,,,,,,,,,,,,,,,,
SemSearch_ES-104,bourbonnais il,1.0,0,,,,,,,,,,,,,,,,,,,,,,,,,,,,,,
SemSearch_ES-106,chase masterson,1.0,0,,,,,,,,,,,,,,,,,,,,,,,,,,,,,,
SemSearch_ES-107,concord steel,1.0,0,,,,,,,,,,,,,,,,,,,,,,,,,,,,,,
SemSearch_ES-108,danielia cotton,1.0,0,,,,,,,,,,,,,,,,,,,,,,,,,,,,,,
SemSearch_ES-109,david hewlett,1.0,0,,,,,,,,,,,,,,,,,,,,,,,,,,,,,,
SemSearch_ES-111,"eagle rock, ca",1.0,0,,,,,,,,,,,,,,,,,,,,,,,,,,,,,,
SemSearch_ES-114,glenn frey,1.0,0,,,,,,,,,,,,,,,,,,,,,,,,,,,,,,
SemSearch_ES-115,goodwill of michigan,0.1111,0,,,,,,,,,,,,,,,,,,,,,,,,,,,,,,
SemSearch_ES-118,iowa energy,0.5,0,,,,,,,,,,,,,,,,,,,,,,,,,,,,,,
SemSearch_ES-119,john elliott,1.0,0,,,,,,,,,,,,,,,,,,,,,,,,,,,,,,
SemSearch_ES-120,lawrence general hospital,1.0,0,,,,,,,,,,,,,,,,,,,,,,,,,,,,,,
SemSearch_ES-123,michael zimmerman,1.0,0,,,,,,,,,,,,,,,,,,,,,,,,,,,,,,
SemSearch_ES-124,motorola bluetooth hs850,1.0,0,,,,,,,,,,,,,,,,,,,,,,,,,,,,,,
SemSearch_ES-125,nokia e73,0.5,7,backtranslation_kor_hang,1.0,The Nokia E,backtranslation_arb_arab,1.0,The Nokia E,backtranslation_pes_arab,1.0,The Nokia E,backtranslation_rus_cyrl,1.0,The Nokia E,backtranslation_zsm_latn,1.0,The Nokia E,backtranslation_tam_taml,1.0,Nokia E,backtranslation_swh_latn,1.0,The Nokia E,,,,,,,,,
SemSearch_ES-127,palm tungsten e2 handheld,1.0,0,,,,,,,,,,,,,,,,,,,,,,,,,,,,,,
SemSearch_ES-128,philadelphia neufchatel cheese,0.0238,3,backtranslation_pes_arab,0.0833,The Philadelphia Neftal cheese,backtranslation_yue_hant,0.0476,Philippine neon cheese,backtranslation_fra_latn,0.0244,New Chateau cheese from Philadelphia,,,,,,,,,,,,,,,,,,,,,
SemSearch_ES-129,pizza populous detroit mi,0.3333,6,backtranslation_kor_hang,1.0,Pizza population of Detroit is,backtranslation_rus_cyrl,1.0,The Detroit Mee pizza,backtranslation_tam_taml,1.0,People are Detroit My Pizza,backtranslation_pes_arab,0.5,The pizza is crowded in Detroit,backtranslation_fra_latn,0.5,Pizza is very crowded in Detroit,backtranslation_zsm_latn,0.5,Detroit residents are my pizza,,,,,,,,,,,,
SemSearch_ES-130,plymouth police department,1.0,0,,,,,,,,,,,,,,,,,,,,,,,,,,,,,,
SemSearch_ES-131,scpa san diego,1.0,0,,,,,,,,,,,,,,,,,,,,,,,,,,,,,,
SemSearch_ES-132,sealy mattress co,1.0,0,,,,,,,,,,,,,,,,,,,,,,,,,,,,,,
SemSearch_ES-135,spring shoes canada,0.0256,0,,,,,,,,,,,,,,,,,,,,,,,,,,,,,,
SemSearch_ES-136,sri lanka government gazette,1.0,0,,,,,,,,,,,,,,,,,,,,,,,,,,,,,,
SemSearch_ES-137,steak express,0.0294,0,,,,,,,,,,,,,,,,,,,,,,,,,,,,,,
SemSearch_ES-139,the big texan steak house,1.0,0,,,,,,,,,,,,,,,,,,,,,,,,,,,,,,
SemSearch_ES-141,ventura county court,0.5,1,backtranslation_arb_arab,1.0,Ventura County Courthouse,,,,,,,,,,,,,,,,,,,,,,,,,,,
SemSearch_LS-1,Apollo astronauts who walked on the Moon,1.0,0,,,,,,,,,,,,,,,,,,,,,,,,,,,,,,
SemSearch_LS-2,Arab states of the Persian Gulf,1.0,0,,,,,,,,,,,,,,,,,,,,,,,,,,,,,,
SemSearch_LS-3,astronauts who landed on the Moon,1.0,0,,,,,,,,,,,,,,,,,,,,,,,,,,,,,,
SemSearch_LS-4,Axis powers of World War II,1.0,0,,,,,,,,,,,,,,,,,,,,,,,,,,,,,,
SemSearch_LS-5,books of the Jewish canon,1.0,0,,,,,,,,,,,,,,,,,,,,,,,,,,,,,,
SemSearch_LS-6,boroughs of New York City,1.0,0,,,,,,,,,,,,,,,,,,,,,,,,,,,,,,
SemSearch_LS-7,Branches of the US military,1.0,0,,,,,,,,,,,,,,,,,,,,,,,,,,,,,,
SemSearch_LS-8,continents in the world,1.0,0,,,,,,,,,,,,,,,,,,,,,,,,,,,,,,
SemSearch_LS-9,degrees of Eastern Orthodox monasticism,1.0,0,,,,,,,,,,,,,,,,,,,,,,,,,,,,,,
SemSearch_LS-10,did nicole kidman have any siblings,0.1111,8,backtranslation_swh_latn,1.0,Did Nicole Kidman have a brother and sister,backtranslation_pes_arab,0.5,Nicole Kidman had a sister and a brother,backtranslation_tam_taml,0.3333,Nicole Kidman had no siblings,backtranslation_yue_hant,0.25,Nicole Kidman has no siblings,backtranslation_fra_latn,0.2,Does Nicole Kidman have any siblings,backtranslation_deu_latn,0.2,Does Nicole Kidman have any siblings,backtranslation_zsm_latn,0.2,Does Nicole Kidman have any siblings,backtranslation_arb_arab,0.125,Did Nicole Kidman have any brothers,,,,,,
SemSearch_LS-11,dioceses of the church of ireland,1.0,0,,,,,,,,,,,,,,,,,,,,,,,,,,,,,,
SemSearch_LS-12,first targets of the atomic bomb,1.0,0,,,,,,,,,,,,,,,,,,,,,,,,,,,,,,
SemSearch_LS-13,five great epics of Tamil literature,1.0,0,,,,,,,,,,,,,,,,,,,,,,,,,,,,,,
SemSearch_LS-14,gods who dwelt on Mount Olympus,0.5,9,backtranslation_yue_hant,1.0,The gods who live on Mount Olympus,backtranslation_kor_hang,1.0,The gods who lived on Mount Olympus,backtranslation_arb_arab,1.0,The gods who lived on Mount Olympus,backtranslation_pes_arab,1.0,The gods who lived on Mount Olympus,backtranslation_fra_latn,1.0,the gods who lived on Mount Olympus,backtranslation_deu_latn,1.0,Gods who lived on Mount Olympus,backtranslation_rus_cyrl,1.0,The gods who lived on Mount Olympus,backtranslation_tam_taml,1.0,The gods of Mount Olympus,backtranslation_swh_latn,1.0,gods who lived on Mount Olympus,,,
SemSearch_LS-16,hijackers in the September 11 attacks,1.0,0,,,,,,,,,,,,,,,,,,,,,,,,,,,,,,
SemSearch_LS-17,houses of the Russian parliament,1.0,0,,,,,,,,,,,,,,,,,,,,,,,,,,,,,,
SemSearch_LS-18,"john lennon, parents",0.5,3,backtranslation_yue_hant,1.0,John Lennon  his parents,backtranslation_kor_hang,1.0,John Lennon  his parents,backtranslation_rus_cyrl,1.0,John Lennon  his parents,,,,,,,,,,,,,,,,,,,,,
SemSearch_LS-19,kenya's captain in cricket,1.0,0,,,,,,,,,,,,,,,,,,,,,,,,,,,,,,
SemSearch_LS-20,kublai khan siblings,0.5,7,backtranslation_yue_hant,1.0,The Kublai Khan brothers,backtranslation_kor_hang,1.0,Brother Kublai Khan,backtranslation_arb_arab,1.0,The brothers of Kublai Khan,backtranslation_rus_cyrl,1.0,The Kublai han brothers,backtranslation_zsm_latn,1.0,The Kublai Khan brothers,backtranslation_tam_taml,1.0,The brothers Kublai Khan,backtranslation_swh_latn,1.0,The brother of Kublai Khan,,,,,,,,,
SemSearch_LS-21,lilly allen parents,1.0,0,,,,,,,,,,,,,,,,,,,,,,,,,,,,,,
SemSearch_LS-22,major leagues in the united states,1.0,0,,,,,,,,,,,,,,,,,,,,,,,,,,,,,,
SemSearch_LS-24,matt berry tv series,1.0,0,,,,,,,,,,,,,,,,,,,,,,,,,,,,,,
SemSearch_LS-25,members of u2?,1.0,0,,,,,,,,,,,,,,,,,,,,,,,,,,,,,,
SemSearch_LS-26,movies starring erykah badu,0.3333,7,backtranslation_yue_hant,1.0,Starring  Erika Badu,backtranslation_arb_arab,1.0,The films starring Erica Badu,backtranslation_pes_arab,1.0,Actor  Eric Badu,backtranslation_fra_latn,1.0,films with Erika Badu,backtranslation_rus_cyrl,1.0,The movie with Eric Badu,backtranslation_zsm_latn,1.0,A film starring erykah badu,backtranslation_deu_latn,0.5,Movies with Erikha Badu,,,,,,,,,
SemSearch_LS-29,nations where Portuguese is an official language,1.0,0,,,,,,,,,,,,,,,,,,,,,,,,,,,,,,
SemSearch_LS-30,orders (or 'choirs') of angels,0.1667,1,backtranslation_yue_hant,0.2,The Angel Choir,,,,,,,,,,,,,,,,,,,,,,,,,,,
SemSearch_LS-31,permanent members of the UN Security Council,1.0,0,,,,,,,,,,,,,,,,,,,,,,,,,,,,,,
SemSearch_LS-32,presidents depicted on mount rushmore who died of shooting,0.5,0,,,,,,,,,,,,,,,,,,,,,,,,,,,,,,
SemSearch_LS-33,provinces and territories of Canada,1.0,0,,,,,,,,,,,,,,,,,,,,,,,,,,,,,,
SemSearch_LS-34,ratt albums,1.0,0,,,,,,,,,,,,,,,,,,,,,,,,,,,,,,
SemSearch_LS-35,republics of the former Yugoslavia,1.0,0,,,,,,,,,,,,,,,,,,,,,,,,,,,,,,
SemSearch_LS-36,revolutionaries of 1959 in Cuba,1.0,0,,,,,,,,,,,,,,,,,,,,,,,,,,,,,,
SemSearch_LS-37,standard axioms of set theory,0.5,1,backtranslation_arb_arab,1.0,Standard axioms of addition theory,,,,,,,,,,,,,,,,,,,,,,,,,,,
SemSearch_LS-38,states that border oklahoma,0.037,0,,,,,,,,,,,,,,,,,,,,,,,,,,,,,,
SemSearch_LS-39,ten ancient Greek city-kingdoms of Cyprus,1.0,0,,,,,,,,,,,,,,,,,,,,,,,,,,,,,,
SemSearch_LS-40,the first 13 american states,0.0,0,,,,,,,,,,,,,,,,,,,,,,,,,,,,,,
SemSearch_LS-41,the four of the companions of the prophet,1.0,0,,,,,,,,,,,,,,,,,,,,,,,,,,,,,,
SemSearch_LS-42,twelve tribes or sons of Israel,1.0,0,,,,,,,,,,,,,,,,,,,,,,,,,,,,,,
SemSearch_LS-43,what books did paul of tarsus write?,0.0,0,,,,,,,,,,,,,,,,,,,,,,,,,,,,,,
SemSearch_LS-44,what languages do they speak in afghanistan,1.0,0,,,,,,,,,,,,,,,,,,,,,,,,,,,,,,
SemSearch_LS-46,where the British monarch is also head of state,0.3333,0,,,,,,,,,,,,,,,,,,,,,,,,,,,,,,
SemSearch_LS-49,who invented the python programming language,1.0,0,,,,,,,,,,,,,,,,,,,,,,,,,,,,,,
SemSearch_LS-50,wonders of the ancient world,1.0,0,,,,,,,,,,,,,,,,,,,,,,,,,,,,,,
TREC_Entity-1,Carriers that Blackberry makes phones for.,0.2,3,backtranslation_fra_latn,0.3333,Operators that Blackberry makes phones for,backtranslation_zsm_latn,0.3333,The operator that Blackberry made the phone for,backtranslation_swh_latn,0.3333,The operators for whom Blackberry makes phones,,,,,,,,,,,,,,,,,,,,,
TREC_Entity-2,Winners of the ACM Athena award.,0.5,0,,,,,,,,,,,,,,,,,,,,,,,,,,,,,,
TREC_Entity-4,Professional sports teams in Philadelphia.,0.5,0,,,,,,,,,,,,,,,,,,,,,,,,,,,,,,
TREC_Entity-5,"Products of Medimmune, Inc.",1.0,0,,,,,,,,,,,,,,,,,,,,,,,,,,,,,,
TREC_Entity-6,Organizations that award Nobel prizes.,1.0,0,,,,,,,,,,,,,,,,,,,,,,,,,,,,,,
TREC_Entity-7,Airlines that currently use Boeing 747 planes.,0.1111,6,backtranslation_arb_arab,0.25,Airlines currently using Boeing    s,backtranslation_rus_cyrl,0.25,Airlines that currently use Boeing    s,backtranslation_deu_latn,0.2,Airlines currently operating Boeing,backtranslation_zsm_latn,0.2,Airlines currently operating Boeing,backtranslation_yue_hant,0.1667,The airline that currently operates the Boeing    s,backtranslation_pes_arab,0.125,Airlines that already use Boeing    s,,,,,,,,,,,,
TREC_Entity-9,Members of The Beaux Arts Trio.,1.0,0,,,,,,,,,,,,,,,,,,,,,,,,,,,,,,
TREC_Entity-10,Campuses of Indiana University.,0.5,5,backtranslation_yue_hant,1.0,The campus of Indiana University,backtranslation_kor_hang,1.0,The Indiana University campus,backtranslation_arb_arab,1.0,The Indiana campus,backtranslation_rus_cyrl,1.0,The Indiana University campus,backtranslation_zsm_latn,1.0,The Indiana campus,,,,,,,,,,,,,,,
TREC_Entity-11,Donors to the Home Depot Foundation.,0.5,1,backtranslation_zsm_latn,1.0,Delivery to the Home Depot Foundation,,,,,,,,,,,,,,,,,,,,,,,,,,,
TREC_Entity-12,Airlines that Air Canada has code share flights with.,0.037,7,backtranslation_kor_hang,1.0,Air Canada is a code sharing airline,backtranslation_arb_arab,0.2,Air Canada has a joint flight code with Air Canada,backtranslation_fra_latn,0.0833,Airlines with which Air Canada shares flights,backtranslation_pes_arab,0.0714,Airlines with which Air Canada has joint flights,backtranslation_zsm_latn,0.0588,The airline that Air Canada has flights with the code,backtranslation_swh_latn,0.0455,Airlines with which Air Canada has a codeshare flight,backtranslation_rus_cyrl,0.0385,Airlines with which Air Canada has code swap flights,,,,,,,,,
TREC_Entity-14,Authors awarded an Anthony Award at Bouchercon in 2007.,0.5,4,backtranslation_fra_latn,1.0,The authors received an Anthony Award at the Bouchercon in,backtranslation_deu_latn,1.0,The authors were awarded an Anthony Award at the Bouchercon in,backtranslation_rus_cyrl,1.0,The authors awarded the Anthony Award at the Buchercon in,backtranslation_zsm_latn,1.0,The author was awarded the Anthony Award at the Bouchercon in,,,,,,,,,,,,,,,,,,
TREC_Entity-15,Universities that are members of the SEC conference for football.,0.5,2,backtranslation_yue_hant,1.0,The College Football is a member of the SEC,backtranslation_kor_hang,1.0,College is a member of the SEC Conference on Football,,,,,,,,,,,,,,,,,,,,,,,,
TREC_Entity-16,Sponsors of the Mancuso quilt festivals.,0.0,0,,,,,,,,,,,,,,,,,,,,,,,,,,,,,,
TREC_Entity-17,Chefs with a show on the Food Network.,0.5,4,backtranslation_kor_hang,1.0,The chefs doing the show on the food network,backtranslation_arb_arab,1.0,Chefs with a program on the food network,backtranslation_deu_latn,1.0,Kitcheners with a show on the Food Network,backtranslation_swh_latn,1.0,Cook and show on Food Network,,,,,,,,,,,,,,,,,,
TREC_Entity-18,Members of the band Jefferson Airplane.,1.0,0,,,,,,,,,,,,,,,,,,,,,,,,,,,,,,
TREC_Entity-19,Companies that John Hennessey serves on the board of.,0.3333,1,backtranslation_deu_latn,1.0,A company headed by John Hennessey,,,,,,,,,,,,,,,,,,,,,,,,,,,
TREC_Entity-20,Scotch whisky distilleries on the island of Islay.,1.0,0,,,,,,,,,,,,,,,,,,,,,,,,,,,,,,
